Date,Home,Opponent,GS,AB,R,H,2B,3B,HR,RBI,BB,IBB,SO,HBP,SH,SF,XI,ROE,GDP,SB,CS,AVG,OBP,SLG,BP,Pos,Draftkings Score
 7- 8-2011,1,9,0.8333333333333334,15,15,0,0,0,291,106,46,13,15,42,0.278,4.27,0,4,3,0,405,0,46,1,5,6,0
 7- 9-2011,1,9,0.9,28,28,0,0,0,513,133,71,18,55,173,0.211,3.74,1,9,5,0,696,0,76,4,3,5,9
 7-10-2011,1,9,1.0,33,33,5,0,0,701,218,90,19,67,222,0.248,3.47,0,12,7,1,964,0,99,3,7,25,0
 7-15-2011,0,9,1.0,25,25,5,1,0,512,168,63,11,25,123,0.258,3.32,1,3,0,0,690,0,73,4,9,16,5
 7-16-2011,0,9,0.8571428571428571,34,34,0,0,0,623,214,96,19,82,147,0.269,4.16,1,15,8,0,901,0,102,8,6,17,0
 7-16-2011,0,9,1.0,15,15,0,0,0,248,87,47,17,31,91,0.267,5.12,0,4,2,0,363,0,48,1,3,2,7
 7-17-2011,0,9,1.3333333333333333,32,32,0,0,0,606,175,70,17,91,197,0.23,3.12,1,6,8,1,864,0,81,3,2,18,0
 7-20-2011,1,9,3.2,32,32,4,4,0,594,201,87,22,67,162,0.262,3.95,1,2,6,1,843,0,97,1,3,20,9
 7-21-2011,1,8,2.2857142857142856,34,34,3,1,0,670,191,73,16,74,206,0.232,2.94,0,6,10,0,915,0,89,3,5,31,0
 7-22-2011,0,8,0.4444444444444444,23,16,0,0,0,347,128,63,15,40,83,0.284,4.9,6,2,4,2,499,1,69,1,4,12,17
 7-23-2011,0,5,0.2857142857142857,34,12,1,1,0,303,119,64,16,32,61,0.288,5.7,3,2,3,0,451,3,73,0,3,7,0
 7-24-2011,0,8,0.5294117647058824,34,32,2,0,0,624,213,100,26,66,130,0.267,4.33,5,0,9,0,889,1,113,5,10,21,18
 7-27-2011,0,8,0.3333333333333333,11,10,0,0,0,152,55,23,6,17,36,0.266,4.09,1,4,0,0,227,1,35,0,3,4,2
 7-29-2011,0,4,1.5555555555555556,31,31,0,0,0,546,210,96,18,46,104,0.292,4.75,1,12,8,0,784,0,103,5,5,23,0
 8-19-2011,1,8,0.6666666666666666,9,5,0,0,0,92,36,21,7,13,23,0.293,6.16,0,1,1,0,137,1,21,0,0,2,14
 8-20-2011,1,8,1.0,12,11,0,0,0,208,88,39,11,10,35,0.304,5.06,1,0,4,0,305,0,44,1,1,6,4
 8-21-2011,1,8,0.1111111111111111,12,12,0,0,0,149,81,59,18,24,38,0.372,10.69,1,0,0,0,245,0,60,1,2,4,14
 8-24-2011,1,7,0.4,10,8,1,1,0,152,64,35,9,13,35,0.314,6.22,1,1,1,0,222,1,35,2,1,6,3
 8-26-2011,0,4,3.2,32,32,4,4,0,594,201,87,22,67,162,0.262,3.95,1,2,6,1,843,0,97,1,3,20,5
 8-27-2011,0,8,2.2857142857142856,34,34,3,1,0,670,191,73,16,74,206,0.232,2.94,0,6,10,0,915,0,89,3,5,31,17
 8-30-2011,0,7,0.16666666666666666,7,7,0,0,0,88,46,29,13,10,13,0.351,8.9,0,0,3,0,146,0,35,1,1,3,38
 8-31-2011,0,8,1.0,33,33,5,0,0,701,218,90,19,67,222,0.248,3.47,0,12,7,1,964,0,99,3,7,25,5
 9- 1-2011,0,8,0.42857142857142855,11,10,0,0,0,159,61,39,11,16,41,0.289,6.62,1,2,3,0,233,0,41,0,3,4,2
 9- 2-2011,1,6,0.6923076923076923,33,33,3,1,0,666,262,106,23,40,102,0.294,4.3,0,4,8,2,955,0,123,7,9,18,4
 9- 3-2011,1,7,0.6428571428571429,32,28,1,1,0,485,193,94,21,52,115,0.299,5.23,3,3,1,0,711,0,102,7,6,16,15
 9- 4-2011,1,8,0.0,14,8,0,0,0,178,78,44,10,5,34,0.321,6.67,0,0,3,0,258,1,44,3,4,5,0
 9- 5-2011,1,7,0.16666666666666666,7,7,0,0,0,88,46,29,13,10,13,0.351,8.9,0,0,3,0,146,0,35,1,1,3,0
 9- 6-2011,1,9,1.0,33,33,5,0,0,701,218,90,19,67,222,0.248,3.47,0,12,7,1,964,0,99,3,7,25,0
 9- 7-2011,1,7,0.42857142857142855,11,10,0,0,0,159,61,39,11,16,41,0.289,6.62,1,2,3,0,233,0,41,0,3,4,0
 9-10-2011,1,7,2.375,33,33,3,1,0,712,230,79,17,61,230,0.255,3,4,2,7,1,985,0,87,8,7,24,12
 9-11-2011,1,8,1.5,26,25,0,0,0,440,152,59,16,45,96,0.268,3.62,5,4,3,0,626,1,63,4,7,6,0
 9-12-2011,0,7,1.3333333333333333,32,32,0,0,0,606,175,70,17,91,197,0.23,3.12,1,6,8,1,864,0,81,3,2,18,0
 9-13-2011,0,9,0.8,23,21,0,0,0,384,102,48,14,38,74,0.212,3.38,1,0,2,1,526,1,59,1,3,6,5
 9-16-2011,0,2,1.0,12,11,0,0,0,208,88,39,11,10,35,0.304,5.06,1,0,4,0,305,0,44,1,1,6,0
 9-17-2011,0,7,1.0,28,28,0,0,0,463,162,79,12,62,97,0.276,4.61,3,7,1,0,666,0,93,8,7,25,5
 9-20-2011,0,7,0.36363636363636365,20,20,2,1,0,371,122,65,22,42,87,0.256,4.73,1,1,6,0,532,0,68,3,5,5,0
 9-23-2011,1,7,1.3333333333333333,32,32,0,0,0,606,175,70,17,91,197,0.23,3.12,1,6,8,1,864,0,81,3,2,18,0
 9-26-2011,1,7,2.2857142857142856,34,34,3,1,0,670,191,73,16,74,206,0.232,2.94,0,6,10,0,915,0,89,3,5,31,12
 9-27-2011,1,1,1.4,32,32,2,1,0,601,187,98,35,56,169,0.244,4.4,1,4,6,0,839,0,103,4,5,10,14
 9-28-2011,1,2,1.5555555555555556,31,30,0,0,0,557,180,70,13,57,126,0.257,3.39,1,6,1,1,772,0,79,8,5,30,6
 4-28-2012,0,1,0.625,20,17,0,0,0,272,95,60,15,34,47,0.273,5.96,5,2,4,0,395,1,66,2,7,11,0
 4-29-2012,0,1,0.8,21,21,1,1,0,357,156,73,8,45,41,0.321,5.52,3,5,3,1,542,0,79,3,5,21,2
 4-30-2012,1,1,0.4444444444444444,19,19,0,0,0,296,143,81,23,26,42,0.34,7.39,0,2,1,0,456,0,81,2,6,8,5
 5- 1-2012,1,1,0.3,22,17,0,0,0,300,89,59,12,55,109,0.239,5.31,4,6,4,1,440,2,63,2,7,7,12
 5- 3-2012,1,1,1.4285714285714286,21,21,3,3,0,374,98,41,12,41,108,0.214,2.96,0,3,2,0,504,0,45,1,3,8,6
 5- 4-2012,1,1,0.6428571428571429,31,31,1,1,0,562,216,101,29,54,79,0.29,4.85,2,3,3,1,807,0,110,2,4,30,0
 5- 5-2012,1,1,0.5714285714285714,13,13,0,0,0,214,67,37,10,47,47,0.25,4.67,0,7,1,0,317,0,41,0,1,12,23
 5- 6-2012,1,1,1.6666666666666667,11,11,0,0,0,176,59,30,8,20,49,0.257,4.6,0,1,5,0,257,0,31,1,1,3,7
 5- 8-2012,0,1,1.3333333333333333,27,27,1,1,0,519,184,68,17,31,90,0.274,3.54,2,10,4,0,714,0,76,3,5,26,5
 5- 9-2012,0,1,0.4,11,11,0,0,0,189,80,42,9,8,33,0.313,6,2,0,2,0,268,0,46,1,1,10,21
 5-11-2012,0,1,1.7777777777777777,29,29,0,0,0,574,156,83,14,89,221,0.22,3.9,1,8,10,0,816,0,89,2,7,12,28
 5-12-2012,0,1,1.6363636363636365,32,32,4,2,0,640,210,78,22,59,133,0.258,3.29,0,2,1,0,876,0,82,1,2,27,2
 5-13-2012,0,1,3.0,8,7,1,0,0,128,28,15,5,23,37,0.187,3.16,0,0,2,0,175,0,15,0,0,5,10
 5-14-2012,1,1,0.18181818181818182,18,13,0,0,0,220,96,53,7,37,46,0.327,6.5,3,2,5,1,342,3,56,3,3,11,0
 5-15-2012,1,1,1.1111111111111112,24,24,0,0,0,457,161,58,17,23,91,0.266,3.43,3,0,1,0,636,0,62,3,4,14,29
 5-16-2012,1,1,1.0909090909090908,29,29,0,0,0,504,166,80,22,63,144,0.259,4.29,2,8,14,0,724,0,84,3,3,22,10
 5-17-2012,1,1,2.125,30,29,1,0,0,576,167,65,19,51,192,0.235,3.05,5,6,6,0,772,0,66,1,3,20,0
 5-18-2012,0,1,0.6666666666666666,6,6,0,0,0,92,34,18,4,13,7,0.281,5.28,3,0,0,0,137,0,19,3,0,3,25
 5-19-2012,0,1,2.6666666666666665,18,14,0,0,0,277,86,30,7,23,51,0.249,2.92,0,1,1,1,383,1,36,9,5,5,5
 5-20-2012,0,1,0.25,24,15,1,0,1,291,89,51,10,39,80,0.243,4.73,3,5,1,1,411,3,59,2,2,5,36
 5-21-2012,0,1,1.3,31,31,1,0,0,570,207,79,24,36,137,0.278,3.74,2,2,4,0,791,0,90,3,3,19,7
 5-22-2012,0,1,0.0,5,4,0,0,0,63,26,15,4,10,10,0.317,6.43,0,0,3,0,98,1,18,0,3,1,4
 5-23-2012,0,1,1.625,29,29,0,0,0,544,166,70,11,63,140,0.248,3.47,3,10,3,0,751,0,71,7,8,17,0
 5-24-2012,0,1,1.2727272727272727,33,33,2,0,0,652,201,93,35,55,141,0.245,3.85,1,5,3,0,887,0,94,3,6,21,5
 5-25-2012,0,1,1.0,26,26,0,0,0,457,168,75,23,24,67,0.281,4.43,0,3,10,0,638,0,76,1,5,15,0
 5-26-2012,0,1,1.4444444444444444,33,33,5,5,0,696,209,79,14,56,223,0.241,3.06,0,13,12,2,939,0,84,2,2,23,6
 5-27-2012,0,1,0.16666666666666666,22,18,0,0,0,320,107,69,21,39,68,0.266,5.82,1,1,2,2,453,4,71,3,7,9,17
 5-28-2012,1,1,1.2307692307692308,32,32,1,0,0,574,196,89,35,46,165,0.259,4.19,0,3,6,0,815,0,101,1,4,10,19
 5-29-2012,1,1,1.25,12,12,0,0,0,226,65,24,8,21,69,0.232,2.87,0,1,0,0,303,0,26,2,0,7,10
 5-30-2012,1,1,1.5,28,28,0,0,0,511,194,95,28,56,153,0.288,5.02,3,6,10,2,748,0,100,3,6,19,13
 6- 1-2012,1,1,1.0,16,16,2,0,0,315,99,40,16,14,93,0.245,3.43,0,2,6,0,427,0,48,1,2,5,19
 6- 2-2012,1,1,1.7777777777777777,29,29,0,0,0,574,156,83,14,89,221,0.22,3.9,1,8,10,0,816,0,89,2,7,12,15
 6- 3-2012,1,1,1.6363636363636365,32,32,4,2,0,640,210,78,22,59,133,0.258,3.29,0,2,1,0,876,0,82,1,2,27,8
 6- 4-2012,1,1,1.2727272727272727,33,33,2,0,0,652,201,93,35,55,141,0.245,3.85,1,5,3,0,887,0,94,3,6,21,20
 6- 5-2012,1,1,1.0,26,26,0,0,0,457,168,75,23,24,67,0.281,4.43,0,3,10,0,638,0,76,1,5,15,2
 6- 6-2012,1,1,0.16666666666666666,22,18,0,0,0,320,107,69,21,39,68,0.266,5.82,1,1,2,2,453,4,71,3,7,9,7
 6- 8-2012,0,1,0.2222222222222222,23,20,0,0,0,294,114,60,13,51,64,0.288,5.51,9,6,5,0,459,0,66,5,2,3,27
 6- 9-2012,0,1,0.8571428571428571,24,24,0,0,0,339,145,70,15,22,76,0.316,5.58,5,2,8,0,502,0,71,10,3,9,29
 6-10-2012,0,1,0.625,16,16,0,0,0,254,102,58,14,30,74,0.303,6.17,0,8,2,0,377,0,61,6,2,6,14
 6-11-2012,0,1,1.0,33,33,0,0,0,595,188,82,25,54,162,0.254,3.72,4,6,2,0,817,0,91,16,4,16,33
 6-12-2012,0,1,1.0,31,31,0,0,0,539,167,72,14,85,131,0.246,3.61,10,4,4,0,786,0,85,9,10,13,2
 6-13-2012,0,1,0.16666666666666666,10,10,0,0,0,169,63,26,5,20,34,0.289,4.15,2,1,0,0,241,0,27,0,3,9,8
 6-15-2012,1,1,1.0833333333333333,32,32,2,1,0,600,184,84,16,74,156,0.25,3.78,0,10,11,2,839,0,93,12,6,23,0
 6-16-2012,1,1,0.6,21,21,1,1,0,390,146,61,17,31,89,0.28,4.22,1,2,2,0,561,0,68,5,2,6,0
 6-17-2012,1,1,1.25,33,33,1,0,0,625,216,93,28,55,187,0.266,4.02,4,5,14,4,899,0,101,13,5,9,7
 6-18-2012,1,1,3.2,32,32,2,2,0,658,177,68,21,51,193,0.222,2.79,1,8,9,0,876,0,73,11,9,14,22
 6-19-2012,1,1,1.875,32,32,1,1,0,553,186,85,20,70,114,0.263,4.15,6,1,5,0,799,0,91,12,4,16,26
 6-20-2012,1,1,1.5555555555555556,31,31,0,0,0,569,171,71,17,62,158,0.242,3.37,7,3,8,0,788,0,76,7,4,13,8
 6-22-2012,1,1,1.1111111111111112,25,25,0,0,0,449,148,59,11,45,128,0.257,3.55,2,5,5,0,634,0,66,6,3,8,20
 6-23-2012,1,1,1.0,33,33,0,0,0,595,188,82,25,54,162,0.254,3.72,4,6,2,0,817,0,91,16,4,16,8
 6-24-2012,1,1,1.0,31,31,0,0,0,539,167,72,14,85,131,0.246,3.61,10,4,4,0,786,0,85,9,10,13,13
 6-26-2012,0,1,0.6,34,16,0,0,0,294,112,53,15,41,81,0.284,4.87,4,0,0,0,441,2,61,2,3,9,7
 6-27-2012,0,1,1.3333333333333333,20,20,1,1,0,354,104,45,9,42,113,0.234,3.43,2,3,2,0,493,0,48,3,1,8,20
 6-28-2012,0,1,0.5,21,9,0,0,0,184,70,39,11,23,51,0.294,5.72,0,0,3,0,270,2,40,3,3,8,19
 6-29-2012,0,1,1.0,38,16,0,0,0,376,113,58,23,46,122,0.242,4.16,4,6,3,1,521,9,59,2,4,12,8
 6-30-2012,0,1,0.6428571428571429,31,31,1,1,0,562,216,101,29,54,79,0.29,4.85,2,3,3,1,807,0,110,2,4,30,0
 7- 1-2012,0,1,0.6666666666666666,22,16,0,0,0,302,100,51,17,37,48,0.26,4.56,1,2,5,0,429,1,56,2,0,10,25
 7- 2-2012,0,5,0.5294117647058824,31,31,0,0,0,530,190,106,25,95,143,0.273,5.4,3,16,8,1,805,0,116,2,3,11,0
 7- 3-2012,0,1,0.75,22,22,0,0,0,376,133,59,19,38,110,0.268,4.24,0,0,1,2,543,0,78,2,5,6,21
 7- 4-2012,0,1,0.8,21,21,1,1,0,357,156,73,8,45,41,0.321,5.52,3,5,3,1,542,0,79,3,5,21,13
 7- 5-2012,1,1,0.3333333333333333,24,18,0,0,0,344,122,79,16,35,109,0.272,6.2,3,4,5,0,496,1,82,3,4,8,31
 7- 6-2012,1,1,2.25,18,15,0,0,0,316,92,38,13,35,77,0.235,3.25,2,3,5,2,434,0,38,1,2,8,14
 7- 7-2012,1,1,1.3333333333333333,20,20,1,1,0,354,104,45,9,42,113,0.234,3.43,2,3,2,0,493,0,48,3,1,8,4
 7- 8-2012,1,1,1.0909090909090908,32,32,0,0,0,578,186,86,29,57,154,0.25,4.02,0,2,5,1,818,0,97,5,8,10,14
 7-13-2012,0,1,1.4545454545454546,33,33,3,2,0,659,205,81,25,51,167,0.249,3.32,2,13,8,0,891,0,86,7,3,23,20
 7-14-2012,0,1,1.1666666666666667,30,17,0,0,0,322,112,62,18,35,89,0.27,5.2,2,10,3,1,461,10,64,4,4,7,23
 7-15-2012,0,1,1.5,28,28,0,0,0,511,194,95,28,56,153,0.288,5.02,3,6,10,2,748,0,100,3,6,19,16
 7-16-2012,0,1,0.8333333333333334,31,31,0,0,0,529,226,90,16,44,107,0.31,4.59,3,6,6,0,783,0,101,2,3,21,9
 7-17-2012,0,1,1.0,3,3,0,0,0,37,17,11,4,7,7,0.321,8.03,1,1,0,0,61,0,11,0,1,0,29
 7-18-2012,0,1,1.0,26,26,2,1,0,485,156,62,15,37,137,0.249,3.45,1,1,7,0,673,0,73,3,0,16,10
 7-19-2012,0,1,2.2857142857142856,32,32,0,0,0,563,179,78,23,60,231,0.25,3.74,2,2,5,1,787,0,82,5,1,8,14
 7-20-2012,1,1,1.7142857142857142,29,27,0,0,0,526,162,91,32,52,145,0.243,4.67,0,1,3,0,730,1,100,5,4,9,19
 7-21-2012,1,1,1.7777777777777777,29,29,0,0,0,574,156,83,14,89,221,0.22,3.9,1,8,10,0,816,0,89,2,7,12,14
 7-22-2012,1,1,1.6363636363636365,32,32,4,2,0,640,210,78,22,59,133,0.258,3.29,0,2,1,0,876,0,82,1,2,27,17
 7-23-2012,1,1,0.7857142857142857,34,34,0,0,0,575,215,108,33,47,140,0.281,5.07,3,5,8,0,827,0,114,3,5,11,8
 7-24-2012,1,1,0.6666666666666666,16,16,0,0,0,269,111,53,12,33,59,0.313,5.32,1,4,1,0,396,0,54,2,5,13,2
 7-25-2012,1,1,0.5,32,32,2,1,0,556,202,118,27,61,144,0.281,5.73,3,8,13,0,800,0,127,4,3,17,27
 7-27-2012,1,1,1.2222222222222223,23,23,2,1,0,409,130,61,11,40,106,0.254,4.03,2,8,9,1,569,0,67,3,6,15,5
 7-28-2012,1,1,1.0,31,31,0,0,0,532,158,75,18,81,175,0.238,3.81,5,8,7,1,759,0,85,3,4,17,0
 7-30-2012,0,1,1.3333333333333333,17,9,0,0,0,177,79,38,11,11,59,0.32,5.8,0,3,3,2,264,2,41,3,0,6,29
 7-31-2012,0,1,1.7142857142857142,29,27,0,0,0,526,162,91,32,52,145,0.243,4.67,0,1,3,0,730,1,100,5,4,9,23
 8- 1-2012,0,1,1.7777777777777777,29,29,0,0,0,574,156,83,14,89,221,0.22,3.9,1,8,10,0,816,0,89,2,7,12,6
 8- 2-2012,0,1,2.3333333333333335,12,12,0,0,0,207,74,39,10,25,70,0.276,5.09,0,2,1,0,300,0,43,3,3,4,21
 8- 3-2012,0,1,1.0,26,16,1,1,0,306,113,73,23,44,85,0.276,6.44,1,9,4,0,462,6,74,1,4,6,19
 8- 4-2012,0,1,1.0909090909090908,29,29,0,0,0,504,166,80,22,63,144,0.259,4.29,2,8,14,0,724,0,84,3,3,22,12
 8- 5-2012,0,1,1.5,12,11,0,0,0,170,54,34,7,32,58,0.251,5.4,1,5,3,0,253,0,34,2,1,4,2
 8- 6-2012,0,1,1.625,29,29,0,0,0,544,166,70,11,63,140,0.248,3.47,3,10,3,0,751,0,71,7,8,17,27
 8- 7-2012,0,1,1.1111111111111112,24,24,0,0,0,457,161,58,17,23,91,0.266,3.43,3,0,1,0,636,0,62,3,4,14,14
 8- 8-2012,0,1,2.0,7,7,0,0,0,118,36,17,11,16,32,0.237,3.89,1,0,2,0,172,0,19,1,1,0,5
 8-10-2012,1,1,1.4444444444444444,33,33,5,5,0,696,209,79,14,56,223,0.241,3.06,0,13,12,2,939,0,84,2,2,23,22
 8-11-2012,1,1,1.8,30,16,0,0,2,376,117,44,17,43,101,0.248,3.16,3,5,3,0,519,6,49,1,1,19,3
 8-12-2012,1,1,1.2727272727272727,33,33,2,0,0,652,201,93,35,55,141,0.245,3.85,1,5,3,0,887,0,94,3,6,21,0
 8-13-2012,1,1,0.7333333333333333,34,34,1,0,0,619,212,113,18,88,159,0.269,4.93,1,14,13,0,906,0,122,6,11,26,14
 8-14-2012,1,1,0.5294117647058824,31,31,0,0,0,530,190,106,25,95,143,0.273,5.4,3,16,8,1,805,0,116,2,3,11,12
 8-15-2012,1,1,0.0,3,3,0,0,0,43,17,12,4,3,2,0.304,7.53,0,1,1,0,62,0,15,0,2,1,21
 8-16-2012,1,1,4.0,31,31,2,1,0,633,173,60,16,59,205,0.226,2.56,2,8,5,1,836,0,63,2,3,20,5
 8-17-2012,1,1,1.5,33,33,3,2,0,683,208,89,25,58,223,0.239,3.52,2,7,11,1,944,0,103,3,2,20,8
 8-18-2012,1,1,1.2222222222222223,23,23,2,1,0,409,130,61,11,40,106,0.254,4.03,2,8,9,1,569,0,67,3,6,15,33
 8-19-2012,1,1,1.0,31,31,0,0,0,532,158,75,18,81,175,0.238,3.81,5,8,7,1,759,0,85,3,4,17,14
 8-21-2012,0,1,0.36363636363636365,18,18,1,1,0,282,117,59,15,21,20,0.304,5.65,1,2,1,0,411,0,68,2,2,13,10
 8-22-2012,0,1,1.375,29,29,2,1,0,568,187,96,25,64,129,0.263,4.56,2,2,12,2,802,0,104,5,9,27,5
 8-23-2012,0,1,0.75,37,9,0,0,1,229,64,32,11,30,76,0.224,3.77,3,3,6,5,325,5,38,0,3,5,29
 8-24-2012,0,1,0.8333333333333334,31,31,0,0,0,529,226,90,16,44,107,0.31,4.59,3,6,6,0,783,0,101,2,3,21,0
 8-25-2012,0,1,1.3333333333333333,23,18,0,0,0,298,93,44,12,33,94,0.247,3.99,1,3,2,0,416,0,49,2,3,6,0
 8-26-2012,0,1,2.2857142857142856,32,32,0,0,0,563,179,78,23,60,231,0.25,3.74,2,2,5,1,787,0,82,5,1,8,5
 8-28-2012,1,1,1.375,29,29,2,1,0,568,187,96,25,64,129,0.263,4.56,2,2,12,2,802,0,104,5,9,27,22
 8-29-2012,1,1,0.0,2,2,0,0,0,17,17,14,4,0,3,0.515,22.24,0,0,1,0,34,0,14,0,0,1,5
 8-30-2012,1,1,0.6428571428571429,33,33,3,0,0,616,216,110,25,68,166,0.273,4.82,2,6,4,0,876,0,117,5,7,27,4
 8-31-2012,0,1,0.5,28,28,1,1,0,483,168,76,13,56,107,0.271,4.25,3,5,3,0,689,0,86,6,4,20,16
 9- 1-2012,0,1,1.4444444444444444,33,33,5,5,0,696,209,79,14,56,223,0.241,3.06,0,13,12,2,939,0,84,2,2,23,8
 9- 2-2012,0,1,1.8,30,16,0,0,2,376,117,44,17,43,101,0.248,3.16,3,5,3,0,519,6,49,1,1,19,0
 9- 3-2012,0,1,1.3,31,31,1,0,0,570,207,79,24,36,137,0.278,3.74,2,2,4,0,791,0,90,3,3,19,12
 9- 4-2012,0,1,1.625,29,29,0,0,0,544,166,70,11,63,140,0.248,3.47,3,10,3,0,751,0,71,7,8,17,8
 9- 5-2012,0,1,1.3333333333333333,18,18,0,0,0,333,115,40,10,24,73,0.267,3.24,2,0,6,0,469,0,44,5,4,8,7
 9- 7-2012,1,1,2.2857142857142856,32,32,0,0,0,563,179,78,23,60,231,0.25,3.74,2,2,5,1,787,0,82,5,1,8,7
 9- 8-2012,1,1,2.125,33,33,6,1,0,715,192,70,19,60,239,0.217,2.64,2,2,5,1,956,0,81,4,3,16,18
 9- 9-2012,1,1,0.6666666666666666,12,12,1,1,0,224,81,31,8,15,57,0.275,3.74,1,3,3,0,316,0,36,1,2,3,14
 9-10-2012,1,1,1.625,29,29,0,0,0,544,166,70,11,63,140,0.248,3.47,3,10,3,0,751,0,71,7,8,17,12
 9-11-2012,1,1,2.0,7,7,0,0,0,118,36,17,11,16,32,0.237,3.89,1,0,2,0,172,0,19,1,1,0,13
 9-12-2012,1,1,7.0,15,15,0,0,0,247,74,28,10,19,64,0.236,3.06,0,0,1,0,336,0,29,0,2,2,3
 9-13-2012,1,1,2.0,6,6,0,0,0,105,29,10,1,7,25,0.225,2.57,1,1,1,0,137,0,11,0,0,3,9
 9-14-2012,0,1,0.7857142857142857,34,34,0,0,0,575,215,108,33,47,140,0.281,5.07,3,5,8,0,827,0,114,3,5,11,8
 9-15-2012,0,1,1.6666666666666667,14,14,0,0,0,273,84,32,9,19,56,0.248,3.16,0,1,2,1,366,0,37,3,3,5,5
 9-16-2012,0,1,0.6666666666666666,16,16,0,0,0,269,111,53,12,33,59,0.313,5.32,1,4,1,0,396,0,54,2,5,13,2
 9-18-2012,1,1,2.3333333333333335,12,12,0,0,0,207,74,39,10,25,70,0.276,5.09,0,2,1,0,300,0,43,3,3,4,13
 9-19-2012,1,1,1.7142857142857142,29,27,0,0,0,526,162,91,32,52,145,0.243,4.67,0,1,3,0,730,1,100,5,4,9,3
 9-20-2012,1,1,1.7777777777777777,29,29,0,0,0,574,156,83,14,89,221,0.22,3.9,1,8,10,0,816,0,89,2,7,12,0
 9-21-2012,1,1,0.9166666666666666,32,32,4,1,0,657,191,82,27,49,194,0.234,3.37,1,3,10,2,882,0,88,1,6,14,23
 9-22-2012,1,1,1.0,25,22,0,0,0,409,142,57,14,42,81,0.275,3.76,4,10,3,2,568,2,62,5,1,14,6
 9-23-2012,1,1,1.0909090909090908,29,29,0,0,0,504,166,80,22,63,144,0.259,4.29,2,8,14,0,724,0,84,3,3,22,4
 9-25-2012,1,1,0.3333333333333333,16,8,0,0,0,177,47,22,6,12,48,0.217,3.36,1,0,3,0,238,2,26,1,5,4,15
 9-26-2012,1,1,1.4444444444444444,33,33,5,5,0,696,209,79,14,56,223,0.241,3.06,0,13,12,2,939,0,84,2,2,23,4
 9-27-2012,1,1,1.8,30,16,0,0,2,376,117,44,17,43,101,0.248,3.16,3,5,3,0,519,6,49,1,1,19,2
 9-28-2012,0,1,2.3333333333333335,12,12,0,0,0,207,74,39,10,25,70,0.276,5.09,0,2,1,0,300,0,43,3,3,4,22
 9-30-2012,0,1,1.7777777777777777,29,29,0,0,0,574,156,83,14,89,221,0.22,3.9,1,8,10,0,816,0,89,2,7,12,26
 9-30-2012,0,1,1.7142857142857142,29,27,0,0,0,526,162,91,32,52,145,0.243,4.67,0,1,3,0,730,1,100,5,4,9,4
10- 1-2012,0,1,1.4444444444444444,33,33,5,5,0,696,209,79,14,56,223,0.241,3.06,0,13,12,2,939,0,84,2,2,23,29
10- 2-2012,0,1,1.8,30,16,0,0,2,376,117,44,17,43,101,0.248,3.16,3,5,3,0,519,6,49,1,1,19,8
10- 3-2012,0,1,1.0,26,26,0,0,0,457,168,75,23,24,67,0.281,4.43,0,3,10,0,638,0,76,1,5,15,10
 4- 1-2013,0,1,2.5,11,11,0,0,0,182,46,19,7,18,51,0.209,2.82,1,1,1,0,242,0,20,2,1,6,3
 4- 3-2013,0,1,2.0,32,32,1,0,0,632,197,74,14,58,187,0.247,3.16,5,8,10,0,881,0,82,12,3,16,5
 4- 4-2013,0,1,1.1666666666666667,32,32,2,1,0,606,199,85,32,34,124,0.258,3.79,2,1,7,2,823,0,88,4,7,13,14
 4- 5-2013,0,1,1.1111111111111112,33,33,2,2,0,639,210,81,20,64,189,0.259,3.42,0,9,3,1,894,0,90,8,9,21,7
 4- 6-2013,0,1,0.0,2,2,0,0,0,32,14,10,2,7,12,0.326,8.44,2,0,0,0,51,0,11,0,1,0,6
 4- 7-2013,0,1,1.4444444444444444,32,32,0,0,0,629,145,66,26,80,277,0.194,2.83,1,7,8,1,841,0,68,0,5,17,4
 4- 9-2013,1,1,1.5,32,32,1,0,0,591,178,87,25,63,134,0.242,3.97,2,7,7,0,818,0,92,8,4,18,15
 4-10-2013,1,1,1.3333333333333333,28,26,1,0,0,469,160,72,25,39,126,0.258,4.14,2,1,2,0,667,0,83,0,6,10,8
 4-11-2013,1,2,1.4,32,32,1,1,0,600,171,85,36,54,171,0.226,3.83,2,7,4,0,823,0,91,4,4,8,0
 4-12-2013,1,2,0.6666666666666666,21,21,0,0,0,378,135,55,11,43,90,0.277,3.93,0,3,4,0,541,0,62,4,3,11,0
 4-13-2013,1,2,0.35294117647058826,36,22,0,0,0,461,174,100,20,88,89,0.289,5.86,5,8,6,0,707,8,111,6,5,23,8
 4-14-2013,1,2,0.0,17,7,0,0,0,164,75,48,9,20,36,0.322,7.9,1,5,1,1,259,2,48,3,2,4,25
 4-15-2013,0,2,0.6923076923076923,31,31,0,0,0,556,218,86,24,45,101,0.297,4.18,1,2,2,0,792,0,89,6,5,26,8
 4-16-2013,0,2,0.38461538461538464,29,29,0,0,0,458,184,88,13,53,101,0.3,5.19,0,1,6,0,680,0,92,1,7,16,16
 4-19-2013,1,2,1.75,29,29,1,1,0,546,156,52,9,54,202,0.229,2.57,1,7,2,0,746,0,56,4,4,10,11
 4-20-2013,1,2,1.625,32,29,1,0,0,531,185,85,18,42,142,0.27,4.32,4,6,3,1,736,1,87,4,3,20,25
 4-21-2013,1,2,1.5555555555555556,33,32,1,0,0,626,229,85,14,44,159,0.281,3.67,2,7,16,0,881,0,91,2,5,26,18
 4-22-2013,1,2,1.1111111111111112,33,33,2,2,0,639,210,81,20,64,189,0.259,3.42,0,9,3,1,894,0,90,8,9,21,2
 4-23-2013,1,2,1.75,23,18,0,0,0,313,87,36,11,41,72,0.231,3.11,1,6,5,1,428,0,38,2,3,11,6
 4-24-2013,1,2,1.4444444444444444,32,32,0,0,0,629,145,66,26,80,277,0.194,2.83,1,7,8,1,841,0,68,0,5,17,2
 4-25-2013,0,2,0.625,22,14,0,0,0,270,114,63,16,27,70,0.311,6.3,0,9,6,0,402,3,66,1,2,9,3
 4-26-2013,0,2,0.45454545454545453,22,22,2,2,0,361,133,77,21,28,87,0.274,5.76,1,3,5,0,526,0,81,1,6,3,12
 4-27-2013,0,2,1.2,31,31,0,0,0,613,185,69,15,46,216,0.242,3.04,1,13,3,0,823,0,74,4,6,24,7
 4-28-2013,0,2,2.3333333333333335,33,33,0,0,0,659,179,65,25,42,185,0.22,2.66,4,10,2,0,866,0,69,3,6,18,0
 4-29-2013,0,2,1.25,27,27,0,0,0,457,132,67,16,57,124,0.233,3.96,0,7,7,0,640,0,74,4,5,8,7
 4-30-2013,0,2,1.5,32,32,1,0,0,591,178,87,25,63,134,0.242,3.97,2,7,7,0,818,0,92,8,4,18,25
 5- 1-2013,0,2,1.3333333333333333,28,26,1,0,0,469,160,72,25,39,126,0.258,4.14,2,1,2,0,667,0,83,0,6,10,24
 5- 2-2013,1,2,2.2857142857142856,33,33,1,0,0,619,184,85,33,68,179,0.241,3.71,2,6,3,1,845,0,87,4,6,14,2
 5- 3-2013,1,2,1.375,30,28,0,0,0,514,157,72,24,53,120,0.243,3.78,3,4,3,0,712,1,81,3,6,15,21
 5- 4-2013,1,2,0.6,11,10,0,0,0,159,60,34,16,12,26,0.287,5.77,0,0,1,0,225,1,35,2,1,7,5
 5- 5-2013,1,2,0.875,26,23,0,0,1,418,155,77,22,48,96,0.284,4.97,1,1,8,0,611,1,81,2,8,15,24
 5- 7-2013,0,2,0.7777777777777778,27,25,0,0,1,425,165,88,17,49,93,0.285,5.59,1,5,11,2,642,1,98,0,3,11,7
 5- 8-2013,0,2,0.6666666666666666,21,21,0,0,0,378,135,55,11,43,90,0.277,3.93,0,3,4,0,541,0,62,4,3,11,8
 5- 9-2013,0,2,0.35294117647058826,36,22,0,0,0,461,174,100,20,88,89,0.289,5.86,5,8,6,0,707,8,111,6,5,23,6
 5-10-2013,0,2,0.36363636363636365,30,20,0,0,0,385,170,81,24,43,73,0.318,5.68,2,5,4,0,586,8,89,2,3,11,10
 5-11-2013,0,2,1.2857142857142858,33,33,0,0,0,600,188,78,23,56,164,0.247,3.51,2,2,5,1,832,0,83,3,6,15,19
 5-12-2013,0,2,0.7857142857142857,30,30,4,1,0,643,184,73,23,46,226,0.23,3.07,2,8,14,1,866,0,81,2,4,17,8
 5-13-2013,1,2,0.3333333333333333,22,15,0,0,0,282,106,56,10,43,54,0.289,5.36,0,10,3,1,419,4,60,2,4,11,5
 5-14-2013,1,2,1.25,33,33,3,2,0,635,236,95,30,59,111,0.285,4.04,1,7,8,0,905,0,99,2,8,17,23
 5-15-2013,1,2,0.7272727272727273,31,24,0,0,0,406,169,80,15,58,114,0.307,5.32,2,7,4,0,618,2,89,1,5,15,27
 5-16-2013,1,2,1.2857142857142858,33,33,0,0,0,600,188,78,23,56,164,0.247,3.51,2,2,5,1,832,0,83,3,6,15,4
 5-17-2013,1,2,0.7857142857142857,30,30,4,1,0,643,184,73,23,46,226,0.23,3.07,2,8,14,1,866,0,81,2,4,17,7
 5-18-2013,1,2,0.4444444444444444,34,23,0,0,0,447,137,59,17,72,137,0.243,3.56,2,2,15,0,656,4,69,3,3,12,11
 5-19-2013,1,2,2.0,13,13,1,0,0,240,74,38,14,17,76,0.244,4.28,0,0,1,1,324,0,41,1,2,5,0
 5-21-2013,1,2,0.45454545454545453,22,22,2,2,0,361,133,77,21,28,87,0.274,5.76,1,3,5,0,526,0,81,1,6,3,45
 5-22-2013,1,2,0.625,22,14,0,0,0,270,114,63,16,27,70,0.311,6.3,0,9,6,0,402,3,66,1,2,9,15
 5-23-2013,0,2,0.9,32,32,0,0,0,633,190,76,26,51,161,0.238,3.24,3,6,6,0,859,0,85,2,3,14,24
 5-24-2013,0,2,0.3333333333333333,22,15,0,0,0,282,106,56,10,43,54,0.289,5.36,0,10,3,1,419,4,60,2,4,11,17
 5-25-2013,0,2,1.25,33,33,3,2,0,635,236,95,30,59,111,0.285,4.04,1,7,8,0,905,0,99,2,8,17,16
 5-26-2013,0,2,0.7272727272727273,31,24,0,0,0,406,169,80,15,58,114,0.307,5.32,2,7,4,0,618,2,89,1,5,15,3
 5-27-2013,0,2,3.75,28,28,1,1,0,533,152,52,13,46,148,0.234,2.63,1,5,7,0,717,0,54,13,1,13,17
 5-28-2013,0,2,1.75,30,30,2,1,0,576,182,64,15,49,154,0.252,3,4,5,1,0,783,0,67,7,3,26,0
 5-29-2013,1,2,0.5714285714285714,24,20,0,0,0,317,125,50,11,24,81,0.295,4.26,5,5,0,0,457,0,57,6,3,11,7
 5-30-2013,1,2,0.0,5,5,0,0,0,69,27,13,4,10,18,0.276,5.09,0,0,1,0,109,0,16,0,0,0,2
 5-31-2013,1,2,0.6,31,22,0,0,0,461,184,88,20,52,123,0.297,5.15,3,7,5,0,682,2,96,2,3,21,5
 6- 1-2013,1,2,0.6666666666666666,21,21,0,0,0,378,135,55,11,43,90,0.277,3.93,0,3,4,0,541,0,62,4,3,11,10
 6- 2-2013,1,2,0.7777777777777778,27,25,0,0,1,425,165,88,17,49,93,0.285,5.59,1,5,11,2,642,1,98,0,3,11,3
 6- 3-2013,1,2,0.3333333333333333,32,26,0,0,1,453,149,77,18,75,138,0.26,4.59,0,1,6,0,663,3,83,2,6,15,8
 6- 4-2013,1,2,8
 6- 5-2013,1,2,2
 6- 8-2013,0,1,1.8333333333333333,29,27,0,0,0,487,161,78,13,71,139,0.261,4.32,0,8,5,0,705,0,84,3,10,16,26
 6- 8-2013,0,1,12.0,16,16,1,1,0,325,75,21,4,36,96,0.199,1.74,0,1,1,0,416,0,23,1,2,14,5
 6- 9-2013,0,1,0.8888888888888888,32,29,0,0,0,514,170,87,26,79,157,0.256,4.57,1,9,6,1,754,1,97,1,4,16,15
 6-10-2013,0,1,0.6,11,10,0,0,0,159,60,34,16,12,26,0.287,5.77,0,0,1,0,225,1,35,2,1,7,16
 6-11-2013,0,1,1.375,30,28,0,0,0,514,157,72,24,53,120,0.243,3.78,3,4,3,0,712,1,81,3,6,15,14
 6-12-2013,0,1,0.875,26,23,0,0,1,418,155,77,22,48,96,0.284,4.97,1,1,8,0,611,1,81,2,8,15,0
 6-14-2013,1,1,1.0,30,30,1,0,0,556,198,77,17,48,128,0.275,3.74,1,6,4,0,784,0,85,4,7,17,8
 6-15-2013,1,1,1.2,22,12,0,0,0,260,88,48,8,35,79,0.265,4.98,1,2,5,0,376,3,50,1,2,7,18
 6-16-2013,1,2,1.0769230769230769,32,32,2,0,0,633,224,112,28,65,175,0.272,4.78,5,7,4,1,908,0,122,8,8,19,14
 6-17-2013,1,1,0.45454545454545453,22,22,2,2,0,361,133,77,21,28,87,0.274,5.76,1,3,5,0,526,0,81,1,6,3,9
 6-18-2013,1,1,0.3333333333333333,7,7,0,0,0,115,40,21,4,17,16,0.267,4.93,2,2,2,0,170,0,23,0,1,3,8
 6-19-2013,1,2,9
 6-20-2013,1,2,1.2,31,31,0,0,0,613,185,69,15,46,216,0.242,3.04,1,13,3,0,823,0,74,4,6,24,21
 6-21-2013,1,2,1.4285714285714286,19,19,0,0,0,352,109,42,7,28,100,0.253,3.22,0,4,3,0,469,0,43,5,2,15,0
 6-22-2013,1,2,2.0,26,26,2,0,0,483,134,54,9,63,163,0.224,3.02,0,7,0,2,666,0,54,3,1,12,10
 6-23-2013,1,2,1.75,20,20,0,0,0,348,113,42,6,36,85,0.261,3.26,1,5,16,0,493,0,51,6,2,15,9
 6-25-2013,0,2,1.625,32,29,1,0,0,531,185,85,18,42,142,0.27,4.32,4,6,3,1,736,1,87,4,3,20,17
 6-26-2013,0,2,0.2,14,6,0,0,0,116,42,25,7,16,31,0.28,5.82,1,0,2,1,172,0,26,2,2,4,25
 6-27-2013,0,2,1.5555555555555556,33,32,1,0,0,626,229,85,14,44,159,0.281,3.67,2,7,16,0,881,0,91,2,5,26,16
 6-28-2013,0,2,0.6666666666666666,21,21,0,0,0,378,135,55,11,43,90,0.277,3.93,0,3,4,0,541,0,62,4,3,11,14
 6-29-2013,0,2,0.7777777777777778,27,25,0,0,1,425,165,88,17,49,93,0.285,5.59,1,5,11,2,642,1,98,0,3,11,7
 7- 2-2013,1,2,1.5,33,33,0,0,0,605,189,89,14,76,198,0.252,3.97,0,6,11,0,856,0,92,11,8,18,2
 7- 3-2013,1,2,1.6666666666666667,31,31,1,1,0,520,152,59,20,57,169,0.234,3.06,0,2,5,0,722,0,65,7,3,11,6
 7- 4-2013,1,2,2.111111111111111,34,34,5,2,0,725,223,79,15,35,219,0.248,2.94,2,5,6,0,956,0,83,13,2,32,7
 7- 5-2013,1,2,1.8333333333333333,29,27,0,0,0,487,161,78,13,71,139,0.261,4.32,0,8,5,0,705,0,84,3,10,16,7
 7- 6-2013,1,2,0.8888888888888888,32,29,0,0,0,514,170,87,26,79,157,0.256,4.57,1,9,6,1,754,1,97,1,4,16,23
 7- 7-2013,1,2,0.7692307692307693,29,29,2,0,0,568,179,74,26,40,161,0.247,3.52,0,4,6,0,778,0,80,3,3,9,16
 7- 9-2013,0,2,7
 7-10-2013,0,2,26
 7-12-2013,0,2,17
 7-13-2013,0,2,1.2,31,31,0,0,0,613,185,69,15,46,216,0.242,3.04,1,13,3,0,823,0,74,4,6,24,8
 7-14-2013,0,2,2.3333333333333335,33,33,0,0,0,659,179,65,25,42,185,0.22,2.66,4,10,2,0,866,0,69,3,6,18,5
 7-19-2013,1,2,1.4,32,32,1,1,0,600,171,85,36,54,171,0.226,3.83,2,7,4,0,823,0,91,4,4,8,16
 7-20-2013,1,2,1.25,27,27,0,0,0,457,132,67,16,57,124,0.233,3.96,0,7,7,0,640,0,74,4,5,8,7
 7-21-2013,1,2,3.0,30,30,3,3,0,571,193,56,14,29,117,0.264,2.65,0,1,0,0,769,0,60,3,6,21,3
 7-22-2013,1,2,1.0,18,18,0,0,0,324,105,46,7,41,67,0.259,3.83,0,8,9,2,461,0,48,3,3,12,10
 7-23-2013,1,2,0.5,10,10,0,0,0,153,69,37,7,20,29,0.327,6.53,0,4,5,0,238,0,38,0,2,4,11
 7-24-2013,1,2,0.38461538461538464,29,29,0,0,0,458,184,88,13,53,101,0.3,5.19,0,1,6,0,680,0,92,1,7,16,2
 7-25-2013,0,2,1.25,27,27,0,0,0,457,132,67,16,57,124,0.233,3.96,0,7,7,0,640,0,74,4,5,8,7
 7-26-2013,0,2,3.0,30,30,3,3,0,571,193,56,14,29,117,0.264,2.65,0,1,0,0,769,0,60,3,6,21,22
 7-27-2013,0,3,1.3333333333333333,28,26,1,0,0,469,160,72,25,39,126,0.258,4.14,2,1,2,0,667,0,83,0,6,10,10
 7-28-2013,0,3,1.5,32,32,1,0,0,591,178,87,25,63,134,0.242,3.97,2,7,7,0,818,0,92,8,4,18,4
 7-29-2013,0,3,0.8,13,13,1,0,0,253,89,41,12,22,74,0.271,4.38,1,4,1,0,359,0,47,6,2,4,14
 7-30-2013,0,3,1.1111111111111112,33,33,2,2,0,639,210,81,20,64,189,0.259,3.42,0,9,3,1,894,0,90,8,9,21,26
 7-31-2013,0,3,1.6666666666666667,20,20,1,0,0,373,129,50,15,37,84,0.267,3.62,0,9,3,2,529,0,55,2,3,13,2
 8- 1-2013,1,2,0.25,16,16,0,0,0,244,105,56,15,30,83,0.305,6.2,3,4,3,0,384,0,64,3,3,4,4
 8- 2-2013,1,2,1.3333333333333333,17,14,0,0,0,231,70,37,13,23,76,0.239,4.32,2,1,6,0,324,2,38,1,1,3,6
 8- 3-2013,1,2,0.5555555555555556,44,20,0,0,0,413,152,73,21,44,96,0.279,4.77,2,7,6,2,598,5,76,0,4,20,11
 8- 4-2013,1,2,1.2,33,33,1,1,0,611,223,94,24,51,139,0.276,4.15,3,2,9,0,876,0,100,3,6,15,25
 8- 5-2013,1,2,1.6666666666666667,20,20,1,0,0,373,129,50,15,37,84,0.267,3.62,0,9,3,2,529,0,55,2,3,13,16
 8- 6-2013,1,2,1.4444444444444444,32,32,0,0,0,629,145,66,26,80,277,0.194,2.83,1,7,8,1,841,0,68,0,5,17,17
 8- 7-2013,1,2,1.75,23,18,0,0,0,313,87,36,11,41,72,0.231,3.11,1,6,5,1,428,0,38,2,3,11,19
 8- 9-2013,0,3,1.1111111111111112,29,29,0,0,0,474,162,71,19,47,162,0.262,4.04,1,5,3,1,672,0,76,2,1,14,16
 8-10-2013,0,3,1.4444444444444444,32,32,0,0,0,548,163,67,16,80,194,0.239,3.3,0,8,3,0,777,0,75,1,11,12,4
 8-11-2013,0,3,1.4,32,29,3,3,0,579,156,74,13,76,195,0.222,3.45,0,8,17,0,803,2,75,5,2,17,14
 8-12-2013,0,3,0.8461538461538461,32,32,1,1,0,604,191,74,20,43,150,0.249,3.31,2,6,5,0,824,0,79,2,7,12,5
 8-13-2013,0,3,1.0769230769230769,32,32,2,0,0,633,224,112,28,65,175,0.272,4.78,5,7,4,1,908,0,122,8,8,19,22
 8-14-2013,0,3,1.5,23,20,3,2,0,418,135,48,9,44,116,0.258,3.1,3,3,14,0,586,2,49,2,3,18,10
 8-15-2013,0,3,0.2857142857142857,30,29,0,0,0,437,170,84,24,42,121,0.293,5.19,4,6,5,0,642,0,91,3,11,10,16
 8-16-2013,1,3,0.8333333333333334,18,14,0,0,0,250,78,48,15,37,77,0.241,5.18,0,4,3,0,365,1,51,1,1,5,5
 8-17-2013,1,3,0.6,31,22,0,0,0,461,184,88,20,52,123,0.297,5.15,3,7,5,0,682,2,96,2,3,21,16
 8-18-2013,1,3,0.8,13,10,2,1,0,215,66,22,7,13,45,0.237,2.76,0,0,1,0,293,1,26,0,1,3,10
 8-23-2013,0,3,1.2,31,31,0,0,0,613,185,69,15,46,216,0.242,3.04,1,13,3,0,823,0,74,4,6,24,0
 8-24-2013,0,3,1.6666666666666667,14,13,0,0,0,217,79,40,12,26,57,0.273,4.98,0,0,3,0,321,0,44,0,3,7,16
 8-25-2013,0,3,0.45454545454545453,22,22,2,2,0,361,133,77,21,28,87,0.274,5.76,1,3,5,0,526,0,81,1,6,3,8
 8-27-2013,0,3,0.46153846153846156,32,24,1,0,1,453,164,82,24,38,113,0.281,4.89,8,3,13,0,643,3,87,3,5,17,17
 8-28-2013,0,3,1.2857142857142858,23,23,2,2,0,386,107,46,15,38,101,0.226,3.22,2,7,8,0,525,0,49,1,5,11,13
 8-29-2013,0,3,0.0,7,4,0,0,1,89,28,13,3,8,22,0.252,3.94,0,1,2,0,122,2,13,0,1,3,4
 8-30-2013,0,3,0.7333333333333333,32,32,2,1,0,550,187,89,19,73,129,0.264,4.37,3,12,7,0,802,0,107,11,3,19,5
 8-31-2013,0,3,1.75,21,21,0,0,0,384,109,55,19,29,118,0.229,3.87,0,3,2,0,512,0,56,3,2,5,7
 9- 1-2013,0,3,1.1,32,32,2,1,0,596,196,74,26,36,125,0.259,3.35,1,1,3,0,806,0,78,8,2,18,20
 9- 2-2013,1,3,1.2857142857142858,23,23,2,2,0,386,107,46,15,38,101,0.226,3.22,2,7,8,0,525,0,49,1,5,11,22
 9- 3-2013,1,3,4.25,27,27,1,1,0,451,119,55,14,76,143,0.216,3.29,1,17,4,1,642,0,58,5,6,8,5
 9- 4-2013,1,3,1.2,32,31,0,0,0,522,185,100,24,50,135,0.274,5.17,0,7,4,2,737,1,103,2,5,15,7
 9- 5-2013,1,3,1.25,27,27,4,0,0,560,178,69,16,27,151,0.252,3.33,0,6,3,0,740,0,78,1,2,19,5
 9- 6-2013,1,3,0.8,13,13,1,0,0,253,89,41,12,22,74,0.271,4.38,1,4,1,0,359,0,47,6,2,4,11
 9- 7-2013,1,3,1.1111111111111112,33,33,2,2,0,639,210,81,20,64,189,0.259,3.42,0,9,3,1,894,0,90,8,9,21,14
 9- 8-2013,1,3,0.6666666666666666,19,17,0,0,0,279,100,50,12,27,76,0.272,4.84,3,0,7,0,407,1,53,1,4,7,9
 9- 9-2013,0,3,1.0,14,12,0,0,0,170,80,43,10,23,29,0.338,6.83,1,1,0,1,263,1,43,0,3,5,7
 9-10-2013,0,3,1.2,33,33,1,1,0,611,223,94,24,51,139,0.276,4.15,3,2,9,0,876,0,100,3,6,15,9
 9-11-2013,0,3,1.0769230769230769,34,34,3,1,0,674,207,105,35,71,177,0.242,4.21,0,7,10,1,943,0,113,2,6,15,8
 9-12-2013,0,3,0.7142857142857143,18,18,0,0,0,278,91,47,10,45,77,0.25,4.56,0,5,2,0,415,0,53,1,3,5,9
 9-13-2013,0,3,0.6,31,22,0,0,0,461,184,88,20,52,123,0.297,5.15,3,7,5,0,682,2,96,2,3,21,10
 9-14-2013,0,3,0.8,13,10,2,1,0,215,66,22,7,13,45,0.237,2.76,0,0,1,0,293,1,26,0,1,3,6
 9-15-2013,0,3,0.5714285714285714,35,5,0,0,0,220,82,44,16,26,49,0.283,5.4,1,2,2,0,323,8,48,0,5,5,9
 9-16-2013,0,3,1.5,32,32,1,0,0,591,178,87,25,63,134,0.242,3.97,2,7,7,0,818,0,92,8,4,18,25
 9-17-2013,0,3,1.6666666666666667,12,10,0,0,0,192,51,19,4,20,67,0.214,2.67,0,2,0,1,261,0,22,0,3,4,16
 9-18-2013,0,3,1.4,32,32,1,1,0,600,171,85,36,54,171,0.226,3.83,2,7,4,0,823,0,91,4,4,8,16
 9-20-2013,1,3,1.6666666666666667,14,13,0,0,0,217,79,40,12,26,57,0.273,4.98,0,0,3,0,321,0,44,0,3,7,7
 9-21-2013,1,3,0
 9-22-2013,1,3,1.2,31,31,0,0,0,613,185,69,15,46,216,0.242,3.04,1,13,3,0,823,0,74,4,6,24,4
 9-23-2013,1,3,1.3333333333333333,28,26,1,0,0,469,160,72,25,39,126,0.258,4.14,2,1,2,0,667,0,83,0,6,10,3
 9-24-2013,1,3,1.4,32,32,1,1,0,600,171,85,36,54,171,0.226,3.83,2,7,4,0,823,0,91,4,4,8,2
 9-26-2013,0,3,0.8,13,13,1,0,0,253,89,41,12,22,74,0.271,4.38,1,4,1,0,359,0,47,6,2,4,10
 9-27-2013,0,3,1.75,23,18,0,0,0,313,87,36,11,41,72,0.231,3.11,1,6,5,1,428,0,38,2,3,11,4
 9-28-2013,0,3,1.1111111111111112,33,33,2,2,0,639,210,81,20,64,189,0.259,3.42,0,9,3,1,894,0,90,8,9,21,8
 9-29-2013,0,3,1.4444444444444444,32,32,0,0,0,629,145,66,26,80,277,0.194,2.83,1,7,8,1,841,0,68,0,5,17,16
 3-31-2014,1,2,2.5,34,34,0,0,0,708,170,56,16,46,248,0.2,2.14,1,18,5,0,912,0,68,4,5,12,19
 4- 1-2014,1,2,0.16666666666666666,17,14,0,0,0,226,82,44,13,34,60,0.277,5.26,2,3,6,0,338,0,44,1,1,6,2
 4- 2-2014,1,2,1.5,13,13,0,0,0,222,60,25,3,29,59,0.223,3.04,2,7,1,0,303,0,29,3,1,9,19
 4- 4-2014,0,2,0.0,3,3,0,0,0,37,19,13,2,9,9,0.345,9.49,1,1,0,0,66,0,14,0,2,0,21
 4- 5-2014,0,2,1.3333333333333333,29,29,5,1,0,600,187,65,11,48,146,0.252,2.93,2,7,7,0,808,0,71,4,5,36,3
 4- 6-2014,0,2,0.6666666666666666,29,29,2,1,0,541,185,75,16,50,107,0.266,3.74,5,6,11,1,765,0,86,2,7,17,0
 4- 7-2014,0,2,1.2857142857142858,20,20,0,0,0,349,119,57,7,51,75,0.267,4.41,1,7,3,0,507,0,61,2,6,15,7
 4- 8-2014,0,2,1.5,13,13,0,0,0,222,60,25,3,29,59,0.223,3.04,2,7,1,0,303,0,29,3,1,9,5
 4- 9-2014,0,2,0.8333333333333334,29,29,1,1,0,491,151,70,16,64,143,0.248,3.85,3,6,11,4,693,0,77,4,4,23,2
 4-11-2014,1,2,19
 4-12-2014,1,2,8
 4-13-2014,1,2,22
 4-14-2014,1,2,1.0,32,21,0,0,0,438,142,56,17,49,136,0.253,3.45,3,7,5,0,621,5,64,1,4,15,0
 4-15-2014,1,2,0.5,7,7,0,0,0,115,33,21,9,15,34,0.232,4.93,1,2,1,0,159,0,21,0,1,2,33
 4-16-2014,1,2,2.0,16,16,0,0,0,289,91,38,12,26,61,0.245,3.55,2,0,4,0,405,0,42,1,2,4,14
 4-18-2014,0,2,0.6666666666666666,21,18,0,0,0,316,111,46,14,31,89,0.271,3.93,1,4,1,0,445,0,48,0,3,8,25
 4-19-2014,0,2,3.6,33,33,1,1,0,661,196,77,18,63,252,0.238,3.15,1,10,6,1,904,0,80,4,8,15,0
 4-20-2014,0,2,1.1538461538461537,32,31,3,3,0,614,211,78,18,41,129,0.268,3.43,4,0,4,0,840,1,89,3,4,30,2
 4-21-2014,0,2,1.5,31,31,1,1,0,596,178,63,16,39,138,0.239,2.85,1,0,6,0,798,0,64,5,2,17,6
 4-22-2014,0,2,0.0,5,5,0,0,0,77,34,16,3,8,17,0.309,5.61,1,0,2,0,124,0,20,2,2,3,7
 4-23-2014,0,2,1.0,27,27,0,0,0,476,134,63,10,56,162,0.23,3.57,0,2,3,0,653,0,66,7,4,9,14
 4-25-2014,0,2,1.2222222222222223,32,32,0,0,0,597,191,82,20,35,146,0.249,3.71,0,13,7,0,820,0,91,5,6,15,0
 4-26-2014,0,2,0.4,17,14,0,0,0,234,86,47,15,26,60,0.282,5.42,1,4,2,0,339,1,52,0,6,7,26
 4-27-2014,0,2,2.6,20,20,3,1,0,409,123,42,15,21,141,0.24,2.77,0,4,4,0,542,0,47,2,3,11,6
 4-28-2014,1,2,0.6666666666666666,19,19,0,0,0,294,106,60,6,56,93,0.279,5.51,2,9,11,0,452,0,66,4,1,17,17
 4-29-2014,1,2,2.0,34,34,3,1,0,707,207,64,14,51,269,0.233,2.44,3,3,6,0,951,0,72,5,2,16,11
 4-30-2014,1,2,0.5714285714285714,22,15,0,0,0,258,96,50,7,28,74,0.28,5.23,1,3,0,0,377,2,54,1,5,6,13
 5- 2-2014,1,2,0.7142857142857143,29,29,2,1,0,511,211,98,25,48,133,0.304,5.18,5,3,8,1,762,0,107,3,9,7,3
 5- 3-2014,1,2,1.0,4,4,0,0,0,52,20,8,1,12,10,0.286,4.15,0,1,1,0,84,0,8,1,0,1,6
 5- 4-2014,1,2,1.4285714285714286,22,22,2,1,0,433,133,49,13,49,182,0.241,3.06,1,14,2,1,605,0,54,1,2,7,2
 5- 5-2014,1,2,1.0,32,17,1,0,1,339,115,55,13,46,92,0.263,4.38,2,2,7,1,497,5,62,4,3,7,2
 5- 6-2014,1,2,1.2222222222222223,32,32,0,0,0,597,191,82,20,35,146,0.249,3.71,0,13,7,0,820,0,91,5,6,15,12
 5- 7-2014,1,2,0.4,17,14,0,0,0,234,86,47,15,26,60,0.282,5.42,1,4,2,0,339,1,52,0,6,7,4
 5- 9-2014,0,2,1.6666666666666667,53,8,0,0,1,246,80,38,13,33,61,0.253,4.17,1,2,3,0,354,9,41,0,2,6,14
 5-10-2014,0,2,1.0,30,26,0,0,0,474,160,74,22,51,133,0.261,4.22,0,1,2,0,673,2,79,1,5,12,2
 5-11-2014,0,2,0.8461538461538461,32,32,1,1,0,554,173,92,23,60,184,0.245,4.48,1,4,7,2,786,0,92,4,10,4,7
 5-12-2014,0,2,1.3,32,32,0,0,0,606,228,76,15,46,119,0.287,3.39,0,2,4,1,857,0,83,6,6,24,11
 5-13-2014,0,2,0.8,13,13,1,0,0,244,100,33,7,12,72,0.304,3.65,0,1,1,0,352,0,40,7,3,4,3
 5-14-2014,0,2,0.4444444444444444,34,34,1,0,0,641,205,109,20,96,190,0.256,4.59,2,9,16,0,935,0,122,11,11,17,15
 5-15-2014,1,2,0.6666666666666666,17,15,0,0,0,227,84,40,10,29,64,0.275,4.76,0,3,2,0,342,1,46,1,4,5,20
 5-16-2014,1,2,1.1111111111111112,32,32,0,0,0,584,177,72,12,72,173,0.243,3.33,1,8,8,0,822,0,85,4,9,14,6
 5-17-2014,1,2,0.3333333333333333,43,7,0,0,0,248,73,34,8,39,66,0.233,3.7,7,4,1,0,360,14,39,3,3,4,6
 5-18-2014,1,2,1.375,23,23,2,0,0,512,156,59,20,23,189,0.238,3.11,1,2,5,0,689,0,68,3,3,9,5
 5-19-2014,1,2,1.3333333333333333,29,29,5,1,0,600,187,65,11,48,146,0.252,2.93,2,7,7,0,808,0,71,4,5,36,5
 5-20-2014,1,2,0.6666666666666666,29,29,2,1,0,541,185,75,16,50,107,0.266,3.74,5,6,11,1,765,0,86,2,7,17,12
 5-23-2014,1,2,0.75,31,25,0,0,0,448,113,42,12,53,113,0.209,2.53,2,5,5,0,606,1,52,3,4,7,17
 5-24-2014,1,2,1.75,34,34,1,1,0,681,224,81,23,44,180,0.256,3.21,0,12,11,2,939,0,95,3,7,16,17
 5-25-2014,1,2,1.1,30,30,1,1,0,561,197,77,19,41,128,0.267,3.71,4,1,6,1,790,0,82,3,1,11,13
 5-26-2014,0,2,1.3333333333333333,30,29,0,0,0,495,143,67,26,60,108,0.234,3.65,3,5,3,1,688,0,70,4,9,6,3
 5-27-2014,0,2,0.8333333333333334,29,29,1,1,0,491,151,70,16,64,143,0.248,3.85,3,6,11,4,693,0,77,4,4,23,7
 5-28-2014,0,2,2.5,34,34,0,0,0,708,170,56,16,46,248,0.2,2.14,1,18,5,0,912,0,68,4,5,12,7
 5-29-2014,0,3,0.25,38,7,0,0,0,209,74,36,6,19,55,0.267,4.65,2,3,0,0,301,4,39,2,3,6,15
 5-30-2014,0,2,1.25,20,10,0,0,0,207,51,18,7,26,64,0.204,2.35,0,0,1,0,278,4,22,1,0,10,17
 6- 3-2014,0,2,1.2222222222222223,25,25,0,0,0,464,117,47,13,41,157,0.208,2.73,1,6,6,0,619,0,53,6,4,8,0
 6- 5-2014,0,2,0.4444444444444444,28,24,0,0,0,395,136,69,20,70,119,0.267,4.72,4,6,4,0,589,3,80,0,6,12,17
 6- 6-2014,1,2,0.8,18,11,0,0,0,194,82,49,12,33,51,0.304,6.82,0,6,5,1,312,3,54,2,2,5,10
 6- 7-2014,1,2,3.0,26,26,2,0,0,522,129,42,13,39,208,0.205,2.17,2,3,11,0,685,0,48,2,3,13,22
 6- 8-2014,1,2,0.8181818181818182,32,32,0,0,0,601,197,74,10,52,178,0.257,3.32,3,7,2,0,830,0,87,4,6,17,7
 6- 9-2014,1,2,1.0,32,21,0,0,0,438,142,56,17,49,136,0.253,3.45,3,7,5,0,621,5,64,1,4,15,11
 6-10-2014,1,2,1.25,20,10,0,0,0,207,51,18,7,26,64,0.204,2.35,0,0,1,0,278,4,22,1,0,10,13
 6-11-2014,1,2,2.0,16,16,0,0,0,289,91,38,12,26,61,0.245,3.55,2,0,4,0,405,0,42,1,2,4,7
 6-13-2014,0,2,1.0,33,33,0,0,0,613,215,81,15,71,161,0.273,3.57,4,9,1,0,876,0,88,11,6,15,9
 6-14-2014,0,2,1.0,9,9,0,0,0,163,55,16,6,13,45,0.266,2.65,0,6,3,0,229,0,23,4,2,7,37
 6-15-2014,0,2,0.5,25,25,0,0,0,436,165,77,21,44,120,0.285,4.77,2,5,6,0,637,0,77,6,2,12,20
 6-16-2014,0,2,0.625,26,26,0,0,0,459,151,71,16,60,143,0.259,4.18,4,6,11,0,663,0,76,1,8,7,17
 6-17-2014,0,2,0.6666666666666666,25,16,1,1,0,312,120,55,18,14,94,0.281,4.76,3,6,1,0,446,6,66,1,3,3,37
 6-19-2014,0,2,0.6666666666666666,19,19,0,0,0,294,106,60,6,56,93,0.279,5.51,2,9,11,0,452,0,66,4,1,17,11
 6-20-2014,1,2,0.0,8,8,0,0,0,119,62,27,8,20,22,0.356,6.13,0,0,1,0,198,0,32,0,3,5,4
 6-21-2014,1,3,0.4166666666666667,29,24,0,0,0,421,150,71,18,55,77,0.275,4.55,1,7,3,0,610,3,79,1,6,11,0
 6-22-2014,1,2,1.4285714285714286,22,22,2,1,0,433,133,49,13,49,182,0.241,3.06,1,14,2,1,605,0,54,1,2,7,6
 6-24-2014,1,2,1.0833333333333333,31,31,0,0,0,538,178,89,12,57,107,0.258,4.47,0,11,2,0,757,0,91,4,3,22,27
 6-25-2014,1,2,0.4,11,11,0,0,0,181,66,34,8,14,50,0.278,5.07,0,2,1,0,258,0,37,2,4,2,5
 6-26-2014,1,2,0.5,27,27,1,0,0,477,203,95,22,38,115,0.316,5.38,1,5,5,0,695,0,96,4,5,16,16
 6-27-2014,0,2,1.1,30,30,1,1,0,561,197,77,19,41,128,0.267,3.71,4,1,6,1,790,0,82,3,1,11,17
 6-28-2014,0,2,1.4,31,30,0,0,0,549,168,65,14,69,159,0.24,3.2,1,11,5,1,782,0,70,3,4,13,5
 6-29-2014,0,2,1.1818181818181819,32,32,1,0,0,608,215,93,23,49,124,0.272,4.13,0,3,14,0,864,0,100,2,10,21,9
 7- 1-2014,0,2,0.7272727272727273,28,27,1,0,0,498,167,81,27,54,117,0.264,4.39,1,8,2,1,699,0,88,4,6,21,20
 7- 1-2014,0,2,0.5,26,19,0,0,0,388,147,69,13,45,64,0.289,4.8,1,5,12,1,573,5,81,3,4,21,10
 7- 2-2014,0,2,1.0,5,5,0,0,0,71,27,17,1,15,18,0.297,6.46,1,3,2,0,109,0,18,0,1,1,0
 7- 3-2014,1,2,0.38461538461538464,24,24,0,0,0,431,170,70,12,28,94,0.295,4.39,0,2,3,3,623,0,73,5,10,10,10
 7- 4-2014,1,2,1.3333333333333333,29,29,5,1,0,600,187,65,11,48,146,0.252,2.93,2,7,7,0,808,0,71,4,5,36,16
 7- 5-2014,1,2,0.6666666666666666,29,29,2,1,0,541,185,75,16,50,107,0.266,3.74,5,6,11,1,765,0,86,2,7,17,0
 7- 6-2014,1,2,1.2222222222222223,25,25,0,0,0,464,117,47,13,41,157,0.208,2.73,1,6,6,0,619,0,53,6,4,8,7
 7- 7-2014,1,2,1.0,30,26,0,0,0,474,160,74,22,51,133,0.261,4.22,0,1,2,0,673,2,79,1,5,12,6
 7- 8-2014,1,2,1.0769230769230769,34,34,1,0,0,647,191,89,26,74,173,0.233,3.71,2,5,14,0,914,0,101,2,4,16,5
 7- 9-2014,1,2,1.8333333333333333,26,20,1,1,1,392,125,53,7,28,111,0.25,3.65,1,9,3,1,534,1,56,0,2,11,5
 7-10-2014,0,2,0.7142857142857143,29,29,2,1,0,511,211,98,25,48,133,0.304,5.18,5,3,8,1,762,0,107,3,9,7,33
 7-11-2014,0,2,0.45454545454545453,23,22,0,0,0,378,128,61,15,44,56,0.267,4.36,2,1,7,0,537,1,66,3,4,11,14
 7-12-2014,0,2,0.4,10,10,0,0,0,172,64,41,8,18,38,0.278,6.44,2,0,4,1,255,0,43,1,2,5,3
 7-13-2014,0,2,0.75,25,8,0,0,0,242,82,49,15,14,55,0.262,5.47,3,0,2,0,332,13,49,0,3,5,22
 7-18-2014,1,2,1.6666666666666667,28,28,0,0,0,537,167,70,20,21,154,0.244,3.52,2,2,2,0,709,0,70,0,1,12,15
 7-19-2014,1,2,2.5,34,34,0,0,0,708,170,56,16,46,248,0.2,2.14,1,18,5,0,912,0,68,4,5,12,5
 7-20-2014,1,2,1.3333333333333333,30,29,0,0,0,495,143,67,26,60,108,0.234,3.65,3,5,3,1,688,0,70,4,9,6,23
 7-21-2014,1,2,1.875,28,28,0,0,0,496,149,67,20,52,139,0.242,3.65,2,3,14,0,687,0,68,1,4,14,0
 7-22-2014,1,2,1.1111111111111112,27,26,1,1,0,477,155,57,25,51,111,0.255,3.23,1,4,8,1,671,0,61,0,3,12,16
 7-23-2014,1,2,2.1666666666666665,34,34,1,1,0,622,189,77,21,66,150,0.238,3.34,1,8,4,0,871,0,83,1,5,12,9
 7-24-2014,1,2,3.6,33,33,1,1,0,661,196,77,18,63,252,0.238,3.15,1,10,6,1,904,0,80,4,8,15,7
 7-25-2014,1,2,0.6666666666666666,21,18,0,0,0,316,111,46,14,31,89,0.271,3.93,1,4,1,0,445,0,48,0,3,8,0
 7-26-2014,1,2,1.25,32,32,0,0,0,618,223,104,18,65,159,0.275,4.54,1,5,5,1,893,0,114,6,5,16,2
 7-27-2014,1,2,1.1538461538461537,32,31,3,3,0,614,211,78,18,41,129,0.268,3.43,4,0,4,0,840,1,89,3,4,30,3
 7-29-2014,0,2,2.1666666666666665,34,34,1,1,0,622,189,77,21,66,150,0.238,3.34,1,8,4,0,871,0,83,1,5,12,11
 7-30-2014,0,2,1.0,20,20,1,0,0,340,111,45,7,38,88,0.26,3.57,0,9,1,0,476,0,48,3,7,9,0
 7-31-2014,0,2,1.875,28,28,0,0,0,496,149,67,20,52,139,0.242,3.65,2,3,14,0,687,0,68,1,4,14,8
 8- 1-2014,0,2,0.2,13,13,0,0,0,191,71,32,8,21,54,0.276,4.52,1,8,2,0,281,0,35,0,1,4,21
 8- 2-2014,0,2,1.1111111111111112,32,32,0,0,0,584,177,72,12,72,173,0.243,3.33,1,8,8,0,822,0,85,4,9,14,7
 8- 3-2014,0,2,0.8461538461538461,31,31,0,0,0,504,156,77,20,59,174,0.242,4.13,0,3,5,0,719,0,79,3,8,1,24
 8- 4-2014,0,2,2.125,32,32,0,0,0,607,190,61,19,43,207,0.247,2.71,3,12,2,0,821,0,69,2,4,20,9
 8- 5-2014,0,2,7.0,27,27,6,2,0,595,139,39,9,31,239,0.196,1.77,0,7,2,2,749,0,42,6,1,15,10
 8- 6-2014,1,2,1.1818181818181819,32,32,0,0,0,558,183,83,27,36,145,0.252,4.02,7,8,3,1,776,0,101,6,5,5,0
 8- 7-2014,1,2,2.0,26,26,0,0,0,456,152,57,8,29,139,0.257,3.38,2,2,3,0,631,0,60,6,2,12,2
 8- 8-2014,1,2,1.6666666666666667,11,11,0,0,0,177,58,33,3,28,36,0.264,5.03,0,2,7,0,259,0,35,0,4,5,2
 8- 9-2014,1,2,0.7272727272727273,28,28,2,2,0,511,182,101,17,54,132,0.273,5.34,2,8,10,0,737,0,108,3,4,16,26
 8-10-2014,1,2,0.5,19,18,0,0,0,305,116,50,12,35,74,0.293,4.43,0,3,2,1,441,1,51,3,5,9,16
 8-12-2014,1,2,2.0,9,9,0,0,0,172,48,18,5,17,38,0.23,2.83,1,0,3,0,230,0,20,0,1,8,0
 8-13-2014,1,2,0.4444444444444444,34,34,1,0,0,641,205,109,20,96,190,0.256,4.59,2,9,16,0,935,0,122,11,11,17,0
 8-15-2014,0,2,0.4166666666666667,29,24,0,0,0,421,150,71,18,55,77,0.275,4.55,1,7,3,0,610,3,79,1,6,11,4
 8-16-2014,0,2,0.7142857142857143,29,29,2,1,0,511,211,98,25,48,133,0.304,5.18,5,3,8,1,762,0,107,3,9,7,0
 8-17-2014,0,2,0.45454545454545453,23,22,0,0,0,378,128,61,15,44,56,0.267,4.36,2,1,7,0,537,1,66,3,4,11,5
 8-18-2014,0,2,0.1,19,15,0,0,0,261,88,50,11,36,70,0.263,5.17,0,2,1,0,378,2,57,3,3,4,12
 8-19-2014,0,2,1.6666666666666667,11,11,0,0,0,177,58,33,3,28,36,0.264,5.03,0,2,7,0,259,0,35,0,4,5,12
 8-20-2014,0,2,0.7272727272727273,28,28,2,2,0,511,182,101,17,54,132,0.273,5.34,2,8,10,0,737,0,108,3,4,16,4
 8-21-2014,0,2,0.5,19,18,0,0,0,305,116,50,12,35,74,0.293,4.43,0,3,2,1,441,1,51,3,5,9,5
 8-22-2014,0,2,1.4,33,33,2,2,0,657,187,75,15,74,183,0.232,3.08,2,15,7,0,899,0,84,8,5,21,17
 8-23-2014,0,2,1.5,11,11,1,1,0,230,66,20,7,16,71,0.232,2.35,0,1,1,0,305,0,24,1,3,6,0
 8-24-2014,0,2,1.6666666666666667,32,32,2,0,0,571,171,75,16,50,164,0.238,3.55,1,9,4,1,777,0,81,5,1,19,19
 8-25-2014,1,2,1.0,10,10,0,0,0,192,54,17,2,22,40,0.231,2.39,0,0,0,0,259,0,19,1,2,9,0
 8-26-2014,1,2,0.42857142857142855,33,33,0,0,0,599,223,97,14,43,142,0.282,4.37,5,6,7,0,854,0,107,9,5,17,19
 8-27-2014,1,2,1.7142857142857142,30,30,3,3,0,561,198,55,14,33,111,0.275,2.65,3,4,8,0,772,0,65,7,4,24,25
 8-28-2014,1,2,1.4,33,33,2,2,0,657,187,75,15,74,183,0.232,3.08,2,15,7,0,899,0,84,8,5,21,8
 8-29-2014,1,2,1.5,11,11,1,1,0,230,66,20,7,16,71,0.232,2.35,0,1,1,0,305,0,24,1,3,6,3
 8-30-2014,1,2,0.8333333333333334,16,16,2,0,0,335,92,39,13,12,99,0.224,3.14,0,4,4,0,430,0,42,0,3,10,0
 8-31-2014,1,2,1.6666666666666667,32,32,2,0,0,571,171,75,16,50,164,0.238,3.55,1,9,4,1,777,0,81,5,1,19,21
 9- 2-2014,0,2,0.4444444444444444,28,24,0,0,0,395,136,69,20,70,119,0.267,4.72,4,6,4,0,589,3,80,0,6,12,0
 9- 3-2014,0,2,1.2222222222222223,25,25,0,0,0,464,117,47,13,41,157,0.208,2.73,1,6,6,0,619,0,53,6,4,8,2
 9- 4-2014,0,2,1.0833333333333333,31,31,0,0,0,538,178,89,12,57,107,0.258,4.47,0,11,2,0,757,0,91,4,3,22,7
 9- 5-2014,0,2,0.5,27,27,1,0,0,477,203,95,22,38,115,0.316,5.38,1,5,5,0,695,0,96,4,5,16,17
 9- 6-2014,0,2,1.6,32,32,1,0,0,629,221,82,16,16,186,0.268,3.52,1,1,5,0,855,0,88,3,7,16,4
 9- 7-2014,0,2,0.0,7,4,0,0,0,72,31,19,5,8,22,0.307,7.13,0,0,1,0,112,2,20,0,2,0,27
 9- 8-2014,0,2,0.75,20,20,1,1,0,330,117,52,13,35,120,0.272,4.25,4,3,3,0,474,0,57,1,5,9,12
 9- 9-2014,0,2,0.7142857142857143,29,29,2,1,0,511,211,98,25,48,133,0.304,5.18,5,3,8,1,762,0,107,3,9,7,13
 9-10-2014,0,2,0.45454545454545453,23,22,0,0,0,378,128,61,15,44,56,0.267,4.36,2,1,7,0,537,1,66,3,4,11,10
 9-11-2014,0,2,0.4166666666666667,29,24,0,0,0,421,150,71,18,55,77,0.275,4.55,1,7,3,0,610,3,79,1,6,11,6
 9-12-2014,1,2,0.38461538461538464,24,24,0,0,0,431,170,70,12,28,94,0.295,4.39,0,2,3,3,623,0,73,5,10,10,21
 9-13-2014,1,2,0.6666666666666666,29,29,2,1,0,541,185,75,16,50,107,0.266,3.74,5,6,11,1,765,0,86,2,7,17,37
 9-14-2014,1,2,1.3333333333333333,29,29,5,1,0,600,187,65,11,48,146,0.252,2.93,2,7,7,0,808,0,71,4,5,36,3
 9-15-2014,1,2,1.6666666666666667,28,28,0,0,0,537,167,70,20,21,154,0.244,3.52,2,2,2,0,709,0,70,0,1,12,11
 9-16-2014,1,2,0.8333333333333334,29,29,1,1,0,491,151,70,16,64,143,0.248,3.85,3,6,11,4,693,0,77,4,4,23,5
 9-17-2014,1,2,1.5,13,13,0,0,0,222,60,25,3,29,59,0.223,3.04,2,7,1,0,303,0,29,3,1,9,0
 9-19-2014,1,2,0,5,3,0,0,0,62,13,7,2,12,17,0.186,3.05,1,1,1,0,83,0,8,0,0,4,0
 9-20-2014,1,2,0.7142857142857143,29,29,2,1,0,511,211,98,25,48,133,0.304,5.18,5,3,8,1,762,0,107,3,9,7,30
 9-21-2014,1,2,0.45454545454545453,23,22,0,0,0,378,128,61,15,44,56,0.267,4.36,2,1,7,0,537,1,66,3,4,11,14
 9-22-2014,0,2,0.8333333333333334,16,16,2,0,0,335,92,39,13,12,99,0.224,3.14,0,4,4,0,430,0,42,0,3,10,7
 9-23-2014,0,2,1.4,33,33,2,2,0,657,187,75,15,74,183,0.232,3.08,2,15,7,0,899,0,84,8,5,21,0
 9-24-2014,0,2,1.5,11,11,1,1,0,230,66,20,7,16,71,0.232,2.35,0,1,1,0,305,0,24,1,3,6,10
 9-26-2014,0,2,1.6666666666666667,28,28,0,0,0,537,167,70,20,21,154,0.244,3.52,2,2,2,0,709,0,70,0,1,12,14
 9-27-2014,0,2,1.5,13,13,0,0,0,222,60,25,3,29,59,0.223,3.04,2,7,1,0,303,0,29,3,1,9,2
 9-28-2014,0,2,2.5,34,34,0,0,0,708,170,56,16,46,248,0.2,2.14,1,18,5,0,912,0,68,4,5,12,0
 4- 6-2015,0,2,2.0,31,31,2,2,0,605,180,79,23,58,191,0.24,3.53,0,10,9,0,826,0,80,4,4,18,14
 4- 7-2015,0,2,0.75,13,13,0,0,0,201,67,29,8,29,56,0.253,3.9,1,5,0,0,297,0,34,0,3,4,5
 4- 8-2015,0,2,1.8,20,20,1,1,0,389,117,51,18,21,111,0.24,3.54,1,1,1,0,516,0,53,4,3,9,9
 4-10-2015,1,2,2.5,9,9,0,0,0,129,46,19,5,12,27,0.271,3.98,0,0,1,0,183,0,20,0,0,6,8
 4-11-2015,1,2,1.0,30,24,0,0,0,445,186,98,29,44,84,0.31,5.95,1,4,9,0,664,4,101,5,6,7,8
 4-12-2015,1,2,1.625,28,28,0,0,0,490,154,74,14,58,156,0.248,4.08,1,10,9,0,693,0,75,1,4,11,7
 4-13-2015,0,2,0.0,17,7,0,0,0,129,62,34,9,20,28,0.343,7.12,0,3,3,0,208,4,37,1,3,2,17
 4-14-2015,0,2,1.0,24,21,0,0,0,375,135,55,16,46,77,0.274,3.96,2,4,13,0,558,1,66,1,5,15,5
 4-15-2015,0,2,0.0,4,2,0,0,0,46,18,13,2,8,11,0.295,7.63,0,0,1,0,73,0,13,2,1,0,22
 4-17-2015,0,2,0.6,20,11,0,0,0,254,90,41,9,26,42,0.275,4.36,2,1,1,0,357,6,48,0,3,9,34
 4-18-2015,0,2,2.5,33,33,3,2,0,696,185,64,17,51,216,0.217,2.48,0,9,2,0,911,0,68,1,3,21,0
 4-19-2015,0,2,1.0,18,18,0,0,0,325,115,47,13,27,61,0.275,3.9,1,8,0,0,451,0,49,1,5,15,0
 4-20-2015,1,2,0.6666666666666666,21,21,1,0,0,347,126,52,15,38,77,0.276,4.05,0,4,5,0,502,0,57,1,2,9,12
 4-21-2015,1,2,0.8333333333333334,53,9,0,0,3,258,71,35,8,31,82,0.226,3.66,1,2,3,0,357,9,44,4,5,8,13
 4-22-2015,1,2,2.0,31,31,3,2,0,624,166,63,17,59,169,0.217,2.73,0,13,2,0,831,0,71,1,4,19,2
 4-23-2015,1,2,0.4666666666666667,30,26,0,0,1,471,164,73,18,48,136,0.268,4.18,2,3,2,0,672,3,78,4,6,12,7
 4-24-2015,1,2,1.5,17,15,0,0,0,259,99,47,10,36,72,0.285,4.9,2,3,3,0,392,1,48,1,5,7,12
 4-25-2015,1,2,1.8888888888888888,33,33,2,1,0,614,211,106,26,42,142,0.266,4.66,2,5,11,0,861,0,114,2,11,14,9
 4-26-2015,1,2,1.0,24,21,0,0,0,375,135,55,16,46,77,0.274,3.96,2,4,13,0,558,1,66,1,5,15,20
 4-28-2015,0,2,2.0,31,31,3,2,0,624,166,63,17,59,169,0.217,2.73,0,13,2,0,831,0,71,1,4,19,0
 4-29-2015,0,2,1.0,16,16,1,1,0,290,88,36,5,25,64,0.238,3.35,1,7,8,0,406,0,46,1,2,15,27
 4-30-2015,0,3,0.4666666666666667,30,26,0,0,1,471,164,73,18,48,136,0.268,4.18,2,3,2,0,672,3,78,4,6,12,21
 5- 1-2015,0,3,1.0909090909090908,31,31,2,1,0,533,169,78,16,64,141,0.253,3.95,3,5,13,1,746,0,82,2,0,26,5
 5- 2-2015,0,2,0.8888888888888888,24,22,0,0,0,371,134,61,13,37,64,0.282,4.44,1,4,7,0,525,0,62,2,3,19,19
 5- 3-2015,0,2,1.75,15,15,0,0,0,229,75,35,7,38,60,0.26,4.13,2,5,1,0,333,0,37,3,2,8,0
 5- 4-2015,1,2,2.0,31,31,2,2,0,605,180,79,23,58,191,0.24,3.53,0,10,9,0,826,0,80,4,4,18,3
 5- 5-2015,1,2,0.75,13,13,0,0,0,201,67,29,8,29,56,0.253,3.9,1,5,0,0,297,0,34,0,3,4,0
 5- 6-2015,1,2,0.625,22,20,0,0,0,346,106,53,15,44,97,0.245,4.14,1,1,9,1,490,0,57,1,4,11,16
 5- 7-2015,1,2,2.7142857142857144,32,32,0,0,0,611,207,88,19,53,171,0.263,3.89,2,5,9,0,859,0,89,5,4,12,14
 5- 8-2015,1,2,0.6,20,11,0,0,0,254,90,41,9,26,42,0.275,4.36,2,1,1,0,357,6,48,0,3,9,7
 5- 9-2015,1,2,2.5,33,33,3,2,0,696,185,64,17,51,216,0.217,2.48,0,9,2,0,911,0,68,1,3,21,24
 5-10-2015,1,2,1.0,18,18,0,0,0,325,115,47,13,27,61,0.275,3.9,1,8,0,0,451,0,49,1,5,15,5
 5-12-2015,1,2,0.5384615384615384,27,27,0,0,0,427,172,100,33,45,80,0.302,6.32,2,4,7,0,629,0,102,5,2,13,2
 5-13-2015,1,2,0.4,10,10,0,0,0,147,54,28,2,19,30,0.29,5.14,1,2,3,0,212,0,32,3,1,10,4
 5-15-2015,0,2,1.375,31,31,0,0,0,574,192,71,28,41,153,0.262,3.34,0,3,5,0,792,0,78,5,8,15,3
 5-16-2015,0,2,1.2,32,32,0,0,0,552,182,84,20,68,168,0.257,4.11,1,6,11,0,791,0,89,1,4,16,22
 5-17-2015,0,2,0
 5-18-2015,0,2,0,7,1,0,0,0,48,17,13,3,7,13,0.266,7.31,0,1,1,0,72,1,13,0,0,0,0
 5-19-2015,0,2,1.1666666666666667,41,11,0,0,0,277,74,33,9,44,61,0.224,3.22,2,8,3,0,380,4,35,2,1,15,3
 5-20-2015,0,2,2.6,30,28,1,1,0,451,179,93,22,44,129,0.297,5.57,0,7,11,0,664,0,103,0,6,15,25
 5-21-2015,0,3,1.0,33,33,2,0,0,643,195,93,25,61,126,0.244,3.91,1,9,11,2,884,0,97,3,11,18,14
 5-22-2015,0,2,0.6,28,28,0,0,0,516,196,94,25,38,149,0.287,4.92,0,12,10,1,737,0,103,2,5,21,18
 5-23-2015,0,2,1.25,16,9,0,0,0,218,67,33,12,27,52,0.239,4.09,0,2,1,0,310,3,38,1,1,2,5
 5-24-2015,0,2,1.0,32,32,1,0,0,581,201,96,17,64,147,0.265,4.46,0,10,4,1,831,0,98,3,2,13,7
 5-25-2015,1,2,0.8333333333333334,33,33,1,0,0,588,172,71,9,84,212,0.237,3.26,3,14,8,0,823,0,78,3,3,17,7
 5-26-2015,1,2,0.5555555555555556,34,18,0,0,0,377,142,81,17,32,69,0.287,5.8,3,7,9,0,547,5,82,8,3,9,0
 5-27-2015,1,2,0.375,31,31,0,0,0,554,200,89,19,66,165,0.279,4.34,2,3,6,0,804,0,111,8,6,17,10
 5-28-2015,1,2,0.0,14,5,0,0,0,121,53,33,10,17,24,0.323,7.36,2,1,3,0,186,0,35,1,1,6,7
 5-29-2015,1,2,1.0,25,25,1,1,0,471,152,87,29,49,138,0.252,4.99,1,5,1,3,660,0,89,5,2,9,3
 5-30-2015,1,2,0.5,18,16,0,0,0,251,103,64,13,27,50,0.308,6.88,4,1,6,0,373,1,67,2,4,10,18
 5-31-2015,1,2,2.25,21,21,3,1,0,438,133,41,13,29,138,0.241,2.53,2,3,3,0,592,0,50,4,5,13,5
 6- 1-2015,1,2,1.6,43,13,0,0,0,329,112,48,9,31,88,0.271,3.94,4,8,4,0,457,5,50,2,7,8,20
 6- 2-2015,1,2,0.9230769230769231,34,34,1,1,0,636,175,76,19,66,252,0.22,3.23,0,13,3,0,868,0,85,2,2,10,0
 6- 3-2015,1,2,1.4,27,26,0,0,0,441,132,60,19,56,145,0.239,3.67,1,15,5,0,621,0,62,3,4,8,18
 6- 5-2015,0,2,4.666666666666667,27,27,0,0,0,463,175,72,10,49,121,0.285,4.2,0,8,3,0,673,0,72,3,3,14,2
 6- 6-2015,0,2,1.0,43,17,0,0,1,394,114,48,10,39,104,0.236,3.29,1,7,7,0,534,5,51,2,2,14,14
 6- 7-2015,0,2,0.6,29,29,1,0,0,502,188,88,28,50,137,0.285,4.73,3,5,6,1,726,0,92,5,6,20,14
 6- 9-2015,0,2,1.4,27,26,0,0,0,441,132,60,19,56,145,0.239,3.67,1,15,5,0,621,0,62,3,4,8,10
 6-10-2015,0,2,1.8333333333333333,34,27,0,0,0,490,145,68,16,40,126,0.236,3.75,0,3,9,0,666,5,73,1,1,13,5
 6-11-2015,0,2,1.6,43,13,0,0,0,329,112,48,9,31,88,0.271,3.94,4,8,4,0,457,5,50,2,7,8,24
 6-12-2015,1,2,0.4666666666666667,30,26,0,0,1,471,164,73,18,48,136,0.268,4.18,2,3,2,0,672,3,78,4,6,12,24
 6-13-2015,1,2,0.6666666666666666,21,21,1,0,0,347,126,52,15,38,77,0.276,4.05,0,4,5,0,502,0,57,1,2,9,3
 6-14-2015,1,2,2.0,31,31,3,2,0,624,166,63,17,59,169,0.217,2.73,0,13,2,0,831,0,71,1,4,19,0
 6-15-2015,1,2,0.4166666666666667,23,23,0,0,0,383,121,50,9,49,119,0.255,3.52,3,2,8,0,545,0,56,7,6,13,11
 6-16-2015,1,3,0.75,27,27,0,0,0,438,151,75,22,43,121,0.264,4.62,3,5,6,0,636,0,79,8,6,9,7
 6-17-2015,0,3,1.0,27,27,0,0,0,458,158,73,18,40,111,0.272,4.3,2,3,7,0,640,0,75,3,9,15,5
 6-18-2015,0,3,1.0,9,5,0,0,0,93,32,20,10,20,17,0.271,5.81,1,1,2,0,142,1,28,1,1,4,17
 6-19-2015,0,3,2.0,31,31,3,2,0,624,166,63,17,59,169,0.217,2.73,0,13,2,0,831,0,71,1,4,19,11
 6-20-2015,0,3,1.0,16,16,1,1,0,290,88,36,5,25,64,0.238,3.35,1,7,8,0,406,0,46,1,2,15,9
 6-21-2015,0,3,1.0,18,18,0,0,0,329,84,29,7,35,101,0.213,2.38,0,2,3,2,440,0,35,3,4,13,6
 6-22-2015,1,3,1.0,8,8,0,0,0,115,44,19,4,17,27,0.293,4.46,0,2,1,0,171,0,21,1,2,5,4
 6-23-2015,1,3,2.7142857142857144,32,32,0,0,0,611,207,88,19,53,171,0.263,3.89,2,5,9,0,859,0,89,5,4,12,5
 6-24-2015,1,3,0.8571428571428571,22,22,1,0,0,377,106,45,10,43,129,0.226,3.22,2,8,5,1,520,0,49,0,3,11,4
 6-26-2015,1,3,1.375,29,29,1,0,0,509,163,86,25,40,157,0.252,4.56,1,4,9,1,706,0,92,4,5,8,20
 6-27-2015,1,3,0.6666666666666666,21,20,0,0,0,326,121,56,13,32,82,0.279,4.64,3,4,2,0,468,0,58,1,0,9,9
 6-28-2015,1,3,2.0,31,31,2,2,0,605,180,79,23,58,191,0.24,3.53,0,10,9,0,826,0,80,4,4,18,4
 6-29-2015,1,3,0.6,29,29,1,0,0,502,188,88,28,50,137,0.285,4.73,3,5,6,1,726,0,92,5,6,20,21
 6-30-2015,1,3,0.5454545454545454,17,17,0,0,0,282,99,53,13,33,63,0.269,5.07,0,5,7,0,413,0,54,3,2,7,6
 7- 1-2015,1,3,4.666666666666667,27,27,0,0,0,463,175,72,10,49,121,0.285,4.2,0,8,3,0,673,0,72,3,3,14,16
 7- 3-2015,0,3,0.6666666666666666,14,10,1,1,0,201,49,29,6,32,30,0.202,3.9,1,2,3,1,280,1,33,1,2,5,7
 7- 4-2015,0,3,1.5,17,15,0,0,0,259,99,47,10,36,72,0.285,4.9,2,3,3,0,392,1,48,1,5,7,6
 7- 5-2015,0,3,1.8888888888888888,33,33,2,1,0,614,211,106,26,42,142,0.266,4.66,2,5,11,0,861,0,114,2,11,14,9
 7- 7-2015,0,3,1.3333333333333333,20,20,0,0,0,345,120,54,11,42,98,0.268,4.23,2,6,3,0,502,0,56,7,2,9,25
 7- 8-2015,0,3,0.6,24,22,2,1,0,395,170,78,19,41,86,0.31,5.33,5,2,3,2,594,0,88,2,0,14,30
 7- 9-2015,0,3,2.0,31,31,2,2,0,605,180,79,23,58,191,0.24,3.53,0,10,9,0,826,0,80,4,4,18,3
 7-10-2015,0,3,0.6666666666666666,16,16,2,2,0,270,92,46,11,37,64,0.261,4.6,1,10,4,0,395,0,49,0,0,12,35
 7-11-2015,0,3,1.8,20,20,1,1,0,389,117,51,18,21,111,0.24,3.54,1,1,1,0,516,0,53,4,3,9,5
 7-12-2015,0,3,1.375,29,29,1,0,0,509,163,86,25,40,157,0.252,4.56,1,4,9,1,706,0,92,4,5,8,14
 7-17-2015,1,3,1.0,32,32,1,0,0,581,201,96,17,64,147,0.265,4.46,0,10,4,1,831,0,98,3,2,13,14
 7-18-2015,1,3,0.6,28,28,0,0,0,516,196,94,25,38,149,0.287,4.92,0,12,10,1,737,0,103,2,5,21,0
 7-20-2015,1,3,1.6666666666666667,21,21,0,0,0,365,120,52,13,37,98,0.255,3.85,1,4,4,1,522,0,55,5,4,8,5
 7-20-2015,1,3,1.25,16,9,0,0,0,218,67,33,12,27,52,0.239,4.09,0,2,1,0,310,3,38,1,1,2,18
 7-22-2015,1,3,0.5454545454545454,30,30,0,0,0,494,198,78,11,45,86,0.304,4.26,1,5,12,0,714,0,86,3,3,29,0
 7-23-2015,1,3,3
 7-24-2015,1,3,1.8888888888888888,33,33,2,1,0,614,211,106,26,42,142,0.266,4.66,2,5,11,0,861,0,114,2,11,14,21
 7-25-2015,1,3,1.1818181818181819,33,33,0,0,0,553,193,70,15,68,121,0.268,3.42,0,10,1,0,793,0,76,1,3,18,13
 7-26-2015,1,3,1.0,24,21,0,0,0,375,135,55,16,46,77,0.274,3.96,2,4,13,0,558,1,66,1,5,15,44
 7-30-2015,0,3,0.3333333333333333,13,13,0,0,0,220,78,34,13,24,54,0.27,4.17,0,3,6,0,323,0,42,2,2,4,2
 7-31-2015,0,3,6.333333333333333,32,32,1,0,0,668,148,41,14,40,200,0.187,1.66,1,7,5,0,843,0,43,6,2,15,29
 8- 1-2015,0,3,2.2857142857142856,33,33,4,3,0,698,163,55,15,42,301,0.194,2.13,1,9,5,3,890,0,62,4,0,8,0
 8- 2-2015,0,3,0.0,6,5,0,0,0,73,31,18,3,6,18,0.323,6.66,1,1,0,1,106,1,19,2,2,2,0
 8- 3-2015,1,3,0.5625,32,32,4,0,0,666,189,86,22,45,245,0.231,3.49,3,6,11,1,886,0,92,7,4,18,7
 8- 4-2015,1,3,1.1666666666666667,30,30,3,1,0,551,154,74,18,43,216,0.228,3.63,2,5,5,0,730,0,75,1,6,17,2
 8- 5-2015,1,3,1.4,30,30,0,0,0,555,156,71,23,53,195,0.226,3.45,1,3,7,2,757,0,79,3,4,11,0
 8- 7-2015,1,3,0.5714285714285714,25,17,0,0,0,337,109,53,17,29,103,0.251,4.25,1,7,2,0,470,1,56,2,3,2,23
 8- 8-2015,1,3,1.2,32,32,0,0,0,552,182,84,20,68,168,0.257,4.11,1,6,11,0,791,0,89,1,4,16,3
 8- 9-2015,1,3,0.75,26,26,0,0,0,434,151,79,24,51,109,0.27,4.91,2,4,8,0,622,0,81,2,2,15,2
 8-10-2015,0,3,1.1818181818181819,31,31,1,0,0,626,185,79,23,42,274,0.233,3.41,0,7,13,0,854,0,88,2,3,13,10
 8-11-2015,0,3,1.5,26,23,1,0,0,418,130,58,11,71,139,0.251,3.75,0,7,8,0,607,1,63,6,5,18,0
 8-12-2015,0,3,0.4666666666666667,30,30,2,1,0,533,195,93,24,56,124,0.281,4.71,1,8,3,1,768,0,104,8,6,15,5
 8-13-2015,0,3,1.0,30,24,0,0,0,445,186,98,29,44,84,0.31,5.95,1,4,9,0,664,4,101,5,6,7,13
 8-14-2015,0,3,0.875,30,24,0,0,1,410,137,62,15,53,102,0.264,4.08,0,11,9,0,588,1,64,3,5,17,12
 8-15-2015,0,3,0.5714285714285714,13,13,1,1,0,244,101,43,10,17,56,0.307,4.76,0,0,2,0,350,0,45,1,1,8,0
 8-16-2015,0,3,1.625,28,28,0,0,0,490,154,74,14,58,156,0.248,4.08,1,10,9,0,693,0,75,1,4,11,0
 8-17-2015,1,3,1.5,26,23,1,0,0,418,130,58,11,71,139,0.251,3.75,0,7,8,0,607,1,63,6,5,18,2
 8-18-2015,1,3,0.4666666666666667,30,30,2,1,0,533,195,93,24,56,124,0.281,4.71,1,8,3,1,768,0,104,8,6,15,2
 8-19-2015,1,3,0.8461538461538461,32,32,2,2,0,642,228,118,29,49,163,0.273,4.96,0,5,12,0,910,0,122,4,9,17,5
 8-20-2015,1,3,0.9,32,32,1,1,0,619,218,77,16,44,177,0.272,3.36,4,5,8,0,862,0,81,4,4,18,12
 8-21-2015,1,3,9.0,11,11,0,0,0,223,57,19,4,18,87,0.207,2.3,0,1,0,0,296,0,20,0,3,4,2
 8-22-2015,1,2,1.625,34,28,0,0,0,543,134,63,24,55,131,0.203,3.13,2,2,5,0,725,3,67,2,3,6,0
 8-23-2015,1,2,1.0,33,33,2,0,0,643,195,93,25,61,126,0.244,3.91,1,9,11,2,884,0,97,3,11,18,18
 8-25-2015,0,2,1.0833333333333333,31,31,2,1,0,561,201,105,24,68,117,0.276,5.05,1,14,8,0,820,0,112,9,6,13,7
 8-26-2015,0,2,0.625,20,20,1,1,0,400,113,50,13,32,113,0.229,3.38,1,2,3,0,535,0,56,1,6,7,0
 8-27-2015,0,2,0.0,8,7,0,0,0,104,46,24,5,15,28,0.319,6.23,1,3,1,0,161,0,28,0,1,4,5
 8-28-2015,0,2,0.9166666666666666,31,30,1,0,0,528,152,89,23,79,170,0.232,4.55,1,7,5,1,744,1,90,4,1,14,4
 8-29-2015,0,2,0.5625,32,32,4,0,0,666,189,86,22,45,245,0.231,3.49,3,6,11,1,886,0,92,7,4,18,2
 8-30-2015,0,2,3.5,10,10,2,0,0,197,47,22,13,8,57,0.195,3.02,0,1,2,0,251,0,22,0,0,3,21
 8-31-2015,0,2,1.0,11,8,0,0,1,158,55,34,9,21,43,0.278,5.81,0,2,0,0,227,2,35,4,4,2,4
 9- 1-2015,0,2,0.0,4,2,0,0,0,27,16,14,4,5,3,0.381,14,0,1,1,0,49,2,14,0,1,0,9
 9- 2-2015,0,2,2.0,31,31,3,2,0,624,166,63,17,59,169,0.217,2.73,0,13,2,0,831,0,71,1,4,19,10
 9- 4-2015,1,2,0.5,14,14,0,0,0,236,88,39,3,24,48,0.285,4.46,1,1,2,0,339,0,45,0,3,12,9
 9- 5-2015,1,2,1.3333333333333333,10,10,1,1,0,176,59,32,11,17,41,0.269,4.91,2,1,5,0,245,0,32,3,1,9,10
 9- 6-2015,1,2,1.8888888888888888,33,33,2,1,0,614,211,106,26,42,142,0.266,4.66,2,5,11,0,861,0,114,2,11,14,18
 9- 7-2015,1,2,6.333333333333333,32,32,1,0,0,668,148,41,14,40,200,0.187,1.66,1,7,5,0,843,0,43,6,2,15,0
 9- 8-2015,1,2,2.2857142857142856,33,33,4,3,0,698,163,55,15,42,301,0.194,2.13,1,9,5,3,890,0,62,4,0,8,4
 9- 9-2015,1,2,0.0,2,2,0,0,0,26,10,8,2,5,4,0.294,8.31,1,0,0,0,40,0,8,0,1,0,3
 9-11-2015,1,2,2.5,33,33,3,2,0,696,185,64,17,51,216,0.217,2.48,0,9,2,0,911,0,68,1,3,21,4
 9-12-2015,1,2,0.8571428571428571,22,22,1,0,0,377,106,45,10,43,129,0.226,3.22,2,8,5,1,520,0,49,0,3,11,7
 9-13-2015,1,2,2.0,10,9,1,1,0,187,45,23,10,21,59,0.197,3.32,0,2,1,0,252,0,26,0,2,1,14
 9-14-2015,0,2,1.375,29,29,1,0,0,509,163,86,25,40,157,0.252,4.56,1,4,9,1,706,0,92,4,5,8,6
 9-15-2015,0,3,2.0,31,31,2,2,0,605,180,79,23,58,191,0.24,3.53,0,10,9,0,826,0,80,4,4,18,16
 9-16-2015,0,3,1.8,20,20,1,1,0,389,117,51,18,21,111,0.24,3.54,1,1,1,0,516,0,53,4,3,9,0
 9-17-2015,0,3,1.8,24,23,0,0,1,386,128,56,17,36,91,0.26,3.92,1,3,1,0,543,1,64,6,7,7,42
 9-19-2015,0,3,1.0,32,32,1,0,0,584,186,83,18,65,145,0.252,3.84,6,7,7,0,821,0,88,6,6,27,4
 9-19-2015,0,3,0.5454545454545454,30,30,0,0,0,494,198,78,11,45,86,0.304,4.26,1,5,12,0,714,0,86,3,3,29,14
 9-20-2015,0,3,5.0,10,10,0,0,0,174,56,20,4,20,53,0.256,3.1,0,1,0,0,242,0,20,3,0,10,3
 9-21-2015,0,3,2.5,33,33,3,2,0,696,185,64,17,51,216,0.217,2.48,0,9,2,0,911,0,68,1,3,21,6
 9-22-2015,0,3,0.8571428571428571,22,22,1,0,0,377,106,45,10,43,129,0.226,3.22,2,8,5,1,520,0,49,0,3,11,18
 9-23-2015,0,3,2.0,10,9,1,1,0,187,45,23,10,21,59,0.197,3.32,0,2,1,0,252,0,26,0,2,1,16
 9-25-2015,1,3,0.25,32,10,0,0,0,224,80,34,14,17,62,0.278,4.1,1,3,5,1,318,7,35,1,7,7,15
 9-26-2015,1,3,2.0,31,31,2,2,0,605,180,79,23,58,191,0.24,3.53,0,10,9,0,826,0,80,4,4,18,5
 9-27-2015,1,3,1.8,20,20,1,1,0,389,117,51,18,21,111,0.24,3.54,1,1,1,0,516,0,53,4,3,9,5
 9-28-2015,1,3,1.0,11,8,0,0,1,158,55,34,9,21,43,0.278,5.81,0,2,0,0,227,2,35,4,4,2,2
 9-29-2015,1,3,0.125,18,13,0,0,0,258,78,34,5,30,64,0.244,3.56,0,5,9,0,361,3,36,1,1,12,9
 9-30-2015,1,3,0,3,2,0,0,0,21,12,8,4,6,2,0.387,10.29,0,0,0,0,37,1,8,0,0,2,29
10- 1-2015,0,3,1.3333333333333333,10,10,1,1,0,176,59,32,11,17,41,0.269,4.91,2,1,5,0,245,0,32,3,1,9,0
10- 2-2015,0,3,0.5,14,14,0,0,0,236,88,39,3,24,48,0.285,4.46,1,1,2,0,339,0,45,0,3,12,12
10- 3-2015,0,3,1.8888888888888888,33,33,2,1,0,614,211,106,26,42,142,0.266,4.66,2,5,11,0,861,0,114,2,11,14,12
10- 4-2015,0,3,7.0,12,12,1,0,0,251,77,34,10,23,78,0.245,3.66,0,2,4,2,343,0,35,1,1,13,11
 4- 4-2016,1,3,0
 4- 5-2016,1,3,0
 4- 7-2016,1,3,0.7777777777777778,22,20,0,0,0,322,116,59,15,35,67,0.276,4.95,2,2,2,0,461,0,62,1,2,8,8
 4- 8-2016,1,3,1.75,23,23,0,0,0,357,116,67,28,46,107,0.256,5.07,1,0,7,1,509,0,68,0,3,10,5
 4- 9-2016,1,3,3.0,32,32,0,0,0,602,185,74,24,77,200,0.243,3.32,1,4,8,1,848,0,83,1,2,19,5
 4-10-2016,1,3,0.9090909090909091,33,33,0,0,0,596,205,97,18,76,103,0.27,4.39,0,3,4,2,855,0,110,9,8,36,8
 4-11-2016,0,3,0.45454545454545453,22,22,0,0,0,351,133,74,18,42,94,0.286,5.69,0,15,2,0,517,0,80,0,7,9,18
 4-12-2016,0,3,0.9090909090909091,31,31,2,1,0,558,196,85,22,47,108,0.271,4.11,2,2,7,0,786,0,87,2,6,19,0
 4-13-2016,0,3,0.0,9,9,0,0,0,116,55,30,8,21,22,0.327,6.98,2,1,5,0,197,0,32,0,3,3,22
 4-15-2016,0,3,0.6,19,12,0,0,0,208,84,44,15,22,49,0.299,5.71,3,3,1,1,311,3,53,4,3,6,2
 4-16-2016,0,3,0.5,21,21,0,0,0,374,139,71,18,29,93,0.287,5.13,0,4,3,0,527,0,77,2,9,12,3
 4-17-2016,0,3,0.5454545454545454,25,25,1,0,0,442,175,83,20,55,104,0.298,5.07,3,9,4,0,653,0,89,3,4,21,9
 4-18-2016,0,3,0.9,28,28,0,0,0,495,176,74,23,54,168,0.273,4.04,3,11,6,1,715,0,82,4,6,14,7
 4-19-2016,0,3,3.0,11,11,0,0,0,181,63,31,10,25,32,0.27,4.62,1,1,1,0,265,0,33,2,4,5,2
 4-20-2016,0,3,1.7,32,32,6,1,0,680,190,84,27,45,233,0.227,3.34,2,2,17,0,907,0,88,5,3,16,9
 4-21-2016,0,3,0.0,4,4,0,0,0,67,28,18,5,11,16,0.322,7.25,0,1,0,0,100,0,20,0,2,4,23
 4-22-2016,1,3,1.3333333333333333,33,33,0,0,0,597,218,91,28,46,147,0.282,4.12,3,4,5,0,836,0,95,6,7,25,3
 4-23-2016,1,3,1.375,25,25,0,0,0,460,138,65,19,65,122,0.239,3.82,0,6,10,0,655,0,76,3,0,17,23
 4-24-2016,1,3,0.875,19,19,1,1,0,336,117,62,18,34,82,0.274,4.98,1,5,3,2,469,0,62,2,3,16,5
 4-25-2016,1,3,1.0,33,33,0,0,0,587,173,80,33,66,184,0.236,3.68,1,4,13,0,818,0,81,1,5,9,18
 4-26-2016,1,3,0.9090909090909091,34,34,0,0,0,568,217,113,23,76,139,0.286,5.37,1,5,7,1,853,0,124,6,6,16,9
 4-27-2016,1,3,0.3333333333333333,34,13,0,0,1,266,104,61,28,43,94,0.291,6.19,1,3,1,0,406,7,63,0,4,3,16
 4-29-2016,0,3,1.2,19,19,1,0,0,349,103,48,19,28,73,0.236,3.71,0,1,3,0,472,0,53,1,3,9,8
 4-30-2016,0,3,0.7777777777777778,22,20,0,0,0,322,116,59,15,35,67,0.276,4.95,2,2,2,0,461,0,62,1,2,8,0
 5- 1-2016,0,3,3.0,32,32,0,0,0,602,185,74,24,77,200,0.243,3.32,1,4,8,1,848,0,83,1,2,19,11
 5- 2-2016,0,3,0.5,32,32,0,0,0,538,186,92,25,86,140,0.268,4.62,2,8,17,0,807,0,108,7,4,18,34
 5- 3-2016,0,3,3.0,20,20,0,0,0,365,94,38,10,43,100,0.213,2.81,2,7,3,1,492,0,40,3,2,10,7
 5- 4-2016,0,3,1.5714285714285714,28,28,0,0,0,490,166,72,20,38,135,0.263,3.97,0,3,6,0,682,0,79,3,4,11,26
 5- 6-2016,1,3,0.47368421052631576,33,33,0,0,0,604,183,90,30,67,233,0.238,4.02,0,11,3,0,850,0,100,6,4,12,4
 5- 7-2016,1,3,1.6666666666666667,33,33,0,0,0,563,170,77,29,54,166,0.241,3.69,3,3,4,1,773,0,80,3,6,14,6
 5- 8-2016,1,3,1.0,29,19,1,1,1,383,131,62,17,25,109,0.265,4.37,1,3,1,4,527,3,64,0,6,13,5
 5-10-2016,1,3,0.75,30,30,0,0,0,530,203,92,20,30,125,0.288,4.69,1,7,7,0,757,0,101,5,10,13,5
 5-11-2016,1,3,0
 5-12-2016,1,3,1.4444444444444444,33,33,1,1,0,596,220,102,22,59,161,0.287,4.62,4,1,5,0,847,0,108,8,9,27,7
 5-13-2016,0,2,3.0,22,15,0,0,1,283,95,54,11,45,101,0.259,5.15,1,5,3,1,417,2,55,0,2,5,20
 5-14-2016,0,3,1.3333333333333333,33,33,0,0,0,597,218,91,28,46,147,0.282,4.12,3,4,5,0,836,0,95,6,7,25,19
 5-15-2016,0,3,1.375,25,25,0,0,0,460,138,65,19,65,122,0.239,3.82,0,6,10,0,655,0,76,3,0,17,8
 5-16-2016,0,3,1.4545454545454546,32,32,0,0,0,527,150,68,20,50,179,0.229,3.48,6,6,8,0,716,0,72,0,3,10,16
 5-17-2016,0,3,3.0,21,21,3,3,0,447,97,28,8,11,172,0.184,1.69,1,5,2,3,544,0,31,4,1,9,0
 5-18-2016,1,3,0.25,6,6,0,0,0,83,33,21,7,9,25,0.303,6.83,1,0,2,0,122,0,21,2,0,2,26
 5-19-2016,1,3,0.5555555555555556,22,14,0,0,0,300,96,44,10,30,74,0.25,3.96,3,6,1,0,419,4,46,3,1,7,30
 5-20-2016,1,3,0.75,18,12,0,0,0,224,81,48,12,26,50,0.282,5.79,0,2,9,0,328,5,53,1,5,10,5
 5-21-2016,1,3,0.75,30,30,0,0,0,539,183,72,28,47,174,0.262,3.61,1,8,5,0,757,0,76,4,3,19,5
 5-22-2016,1,3,0.6666666666666666,29,25,1,0,1,427,150,86,16,72,125,0.268,5.44,1,5,3,1,638,2,93,1,1,12,14
 5-23-2016,0,2,0.7777777777777778,22,20,0,0,0,322,116,59,15,35,67,0.276,4.95,2,2,2,0,461,0,62,1,2,8,10
 5-24-2016,0,3,0.9090909090909091,33,33,0,0,0,596,205,97,18,76,103,0.27,4.39,0,3,4,2,855,0,110,9,8,36,7
 5-25-2016,0,3,1.2,19,19,1,0,0,349,103,48,19,28,73,0.236,3.71,0,1,3,0,472,0,53,1,3,9,2
 5-27-2016,1,3,1.375,31,30,0,0,0,506,187,84,26,42,134,0.28,4.48,0,17,7,0,724,0,89,3,5,6,17
 5-28-2016,1,3,0.75,26,26,1,1,0,504,168,85,20,48,144,0.259,4.55,1,9,2,0,701,0,88,2,1,16,14
 5-29-2016,1,3,0.9230769230769231,32,32,0,0,0,541,195,93,24,62,115,0.276,4.64,1,10,7,0,779,0,98,0,3,20,18
 5-30-2016,1,2,1.7777777777777777,34,34,2,0,0,683,171,77,30,57,254,0.207,3.04,1,6,8,0,903,0,81,4,7,8,4
 5-31-2016,1,2,0.5384615384615384,35,26,0,0,0,460,171,100,30,53,135,0.285,5.87,1,7,5,2,668,3,108,4,6,13,27
 6- 1-2016,1,3,1.5714285714285714,26,26,1,1,0,477,136,54,16,42,132,0.231,3.06,1,1,9,1,647,0,57,4,2,17,7
 6- 3-2016,0,3,0.5454545454545454,21,21,0,0,0,341,115,69,19,69,116,0.264,5.46,1,8,7,0,523,0,76,7,5,13,14
 6- 4-2016,0,3,1.125,30,19,1,1,0,382,151,77,17,44,73,0.298,5.44,4,7,3,0,564,4,81,8,2,16,0
 6- 5-2016,0,3,0.7,21,21,1,0,0,348,131,50,7,36,98,0.289,3.88,3,5,6,1,506,0,57,4,6,9,3
 6- 6-2016,0,3,3.5,31,31,0,0,0,599,179,68,22,36,165,0.236,3.07,0,7,3,0,805,0,75,4,3,10,7
 6- 7-2016,0,3,0.5,32,32,0,0,0,527,184,94,27,53,207,0.266,4.82,1,7,6,0,756,0,98,0,3,10,2
 6- 8-2016,0,3,1.125,24,21,0,0,0,374,123,66,23,40,97,0.255,4.76,2,5,1,0,525,2,66,1,1,8,26
 6- 9-2016,0,3,1.1666666666666667,21,15,0,0,1,292,107,53,19,25,75,0.276,4.9,1,7,6,0,421,3,54,1,2,8,12
 6-10-2016,1,3,2.0,32,32,3,2,0,645,170,75,22,57,227,0.216,3.14,1,5,7,1,860,0,82,6,2,17,2
 6-11-2016,1,3,1.5,35,28,1,0,0,570,179,90,20,70,168,0.248,4.26,1,3,9,0,811,3,96,4,7,12,8
 6-12-2016,1,2,1.8333333333333333,25,25,0,0,0,412,121,59,16,63,161,0.235,3.87,3,9,2,3,584,0,61,0,4,9,9
 6-13-2016,1,3,0.5,21,21,0,0,0,374,139,71,18,29,93,0.287,5.13,0,4,3,0,527,0,77,2,9,12,3
 6-14-2016,1,3,7
 6-15-2016,1,3,0.75,26,26,0,0,0,399,167,95,25,32,114,0.301,6.43,3,9,6,1,596,0,103,2,2,14,10
 6-17-2016,0,3,0.9090909090909091,31,31,2,1,0,558,196,85,22,47,108,0.271,4.11,2,2,7,0,786,0,87,2,6,19,0
 6-18-2016,0,3,1.0,24,6,0,0,0,169,56,27,5,13,55,0.255,4.31,1,2,3,0,238,7,30,1,1,3,23
 6-19-2016,0,3,0.0,9,9,0,0,0,116,55,30,8,21,22,0.327,6.98,2,1,5,0,197,0,32,0,3,3,3
 6-20-2016,0,3,0.9230769230769231,32,32,0,0,0,541,195,93,24,62,115,0.276,4.64,1,10,7,0,779,0,98,0,3,20,0
 6-21-2016,0,3,1.3,33,33,1,0,0,554,206,89,25,54,177,0.282,4.34,1,9,5,0,796,0,92,1,5,15,18
 6-22-2016,0,3,1.2,14,14,0,0,0,243,80,29,5,45,106,0.261,3.22,1,9,0,2,352,0,29,0,0,10,2
 6-23-2016,1,3,0.9090909090909091,31,31,2,1,0,558,196,85,22,47,108,0.271,4.11,2,2,7,0,786,0,87,2,6,19,8
 6-24-2016,1,3,0.0,9,9,0,0,0,116,55,30,8,21,22,0.327,6.98,2,1,5,0,197,0,32,0,3,3,12
 6-25-2016,1,3,0.3333333333333333,7,5,0,0,0,73,48,31,12,7,17,0.407,11.47,0,1,1,0,128,2,31,0,2,1,20
 6-26-2016,1,2,0.45454545454545453,22,22,0,0,0,351,133,74,18,42,94,0.286,5.69,0,15,2,0,517,0,80,0,7,9,26
 6-27-2016,1,2,1.3,33,33,1,0,0,554,206,89,25,54,177,0.282,4.34,1,9,5,0,796,0,92,1,5,15,26
 6-28-2016,1,2,1.6666666666666667,26,5,0,0,0,186,64,20,8,13,42,0.264,2.9,3,0,3,0,265,9,27,4,3,4,10
 6-29-2016,1,3,0.75,26,26,1,1,0,504,168,85,20,48,144,0.259,4.55,1,9,2,0,701,0,88,2,1,16,14
 7- 1-2016,0,2,2.1666666666666665,24,24,4,1,0,470,138,58,12,57,127,0.235,3.33,1,10,8,0,656,0,74,2,2,16,15
 7- 2-2016,0,3,0.8,37,21,0,0,0,418,130,74,21,55,93,0.25,4.78,1,1,5,0,588,7,80,2,6,17,16
 7- 3-2016,0,3,11
 7- 4-2016,0,2,1.0,21,21,0,0,0,390,125,59,20,40,109,0.251,4.08,0,3,5,1,549,0,62,3,2,7,5
 7- 5-2016,0,9,1.6666666666666667,33,33,0,0,0,563,170,77,29,54,166,0.241,3.69,3,3,4,1,773,0,80,3,6,14,2
 7- 6-2016,0,3,0.5833333333333334,30,30,0,0,0,526,174,95,32,49,167,0.259,4.88,2,10,2,0,738,0,103,5,11,10,25
 7- 7-2016,0,3,0.75,19,19,0,0,0,267,93,35,5,51,98,0.269,3.54,0,6,0,1,401,0,44,2,2,7,13
 7- 8-2016,0,3,0.6666666666666666,29,25,1,0,1,427,150,86,16,72,125,0.268,5.44,1,5,3,1,638,2,93,1,1,12,16
 7- 9-2016,0,3,0.75,23,23,0,0,0,354,126,71,16,61,85,0.276,5.42,2,6,1,0,526,0,74,1,6,13,5
 7-10-2016,0,3,2.6666666666666665,30,30,0,0,0,516,155,72,19,66,140,0.244,3.77,1,9,7,0,715,0,73,2,4,20,7
 7-15-2016,1,3,0.625,24,23,0,0,0,405,132,56,11,35,95,0.254,3.73,1,3,6,0,566,0,61,1,5,10,2
 7-16-2016,1,3,0.3333333333333333,22,22,1,0,0,343,139,86,31,55,78,0.296,6.77,1,7,7,0,538,0,89,1,4,8,2
 7-17-2016,1,3,0.5,18,2,0,0,0,74,33,18,5,16,18,0.324,6.57,1,2,2,0,122,8,27,0,2,3,11
 7-18-2016,1,3,1.75,23,23,0,0,0,357,116,67,28,46,107,0.256,5.07,1,0,7,1,509,0,68,0,3,10,25
 7-19-2016,1,3,0.0,2,2,0,0,0,28,15,13,4,5,3,0.357,12.54,1,0,0,0,48,0,13,0,1,0,16
 7-20-2016,1,3,0.9090909090909091,33,33,0,0,0,596,205,97,18,76,103,0.27,4.39,0,3,4,2,855,0,110,9,8,36,12
 7-22-2016,0,3,1.2,14,14,0,0,0,243,80,29,5,45,106,0.261,3.22,1,9,0,2,352,0,29,0,0,10,2
 7-23-2016,0,3,1.3,33,33,1,0,0,554,206,89,25,54,177,0.282,4.34,1,9,5,0,796,0,92,1,5,15,2
 7-24-2016,0,3,1.375,31,30,0,0,0,506,187,84,26,42,134,0.28,4.48,0,17,7,0,724,0,89,3,5,6,5
 7-25-2016,0,3,1.0,33,33,0,0,0,587,173,80,33,66,184,0.236,3.68,1,4,13,0,818,0,81,1,5,9,10
 7-26-2016,0,3,0.8888888888888888,33,14,0,0,0,375,146,65,24,37,89,0.291,4.68,3,1,6,1,551,3,67,3,3,10,18
 7-27-2016,0,3,4.0,42,26,1,0,0,539,163,70,27,42,188,0.241,3.51,0,4,7,0,731,5,71,4,2,13,9
 7-28-2016,1,3,1.8888888888888888,35,35,2,0,0,690,227,102,30,50,228,0.258,3.99,1,4,7,0,951,0,106,8,7,19,5
 7-29-2016,1,3,5.5,33,33,3,0,0,669,193,78,23,32,189,0.23,3.15,0,3,13,0,890,0,85,2,3,16,0
 7-30-2016,1,2,0.6,14,13,0,0,0,206,70,35,14,24,71,0.262,4.59,1,3,0,0,292,1,35,1,0,6,7
 7-31-2016,1,3,2.1666666666666665,24,24,4,1,0,470,138,58,12,57,127,0.235,3.33,1,10,8,0,656,0,74,2,2,16,12
 8- 2-2016,1,3,0.7777777777777778,25,24,0,0,0,434,135,62,20,37,124,0.248,3.86,1,3,4,0,594,0,65,4,4,13,9
 8- 3-2016,1,3,0.9090909090909091,31,31,2,1,0,558,196,85,22,47,108,0.271,4.11,2,2,7,0,786,0,87,2,6,19,15
 8- 4-2016,1,8,0.5,9,9,0,0,0,139,57,31,8,19,23,0.313,6.02,1,2,0,0,203,0,32,1,1,10,2
 8- 5-2016,0,3,1.375,25,25,0,0,0,460,138,65,19,65,122,0.239,3.82,0,6,10,0,655,0,76,3,0,17,18
 8- 6-2016,0,3,0.7272727272727273,25,25,1,1,0,403,129,63,27,37,119,0.247,4.22,2,4,8,1,573,0,75,3,3,8,32
 8- 7-2016,0,2,0.8571428571428571,20,20,0,0,0,363,134,51,9,24,117,0.279,3.79,3,5,1,0,511,0,62,0,6,17,0
 8- 9-2016,0,3,0
 8-10-2016,0,3,8
 8-11-2016,0,3,2.0,32,32,3,2,0,645,170,75,22,57,227,0.216,3.14,1,5,7,1,860,0,82,6,2,17,16
 8-12-2016,0,3,1.375,25,25,1,1,0,439,134,54,21,34,150,0.24,3.32,2,4,3,1,599,0,64,1,3,9,7
 8-13-2016,0,3,1.0,17,10,0,0,0,159,50,31,8,29,50,0.246,5.26,0,2,0,0,233,3,31,0,1,1,9
 8-15-2016,1,3,1.375,25,25,0,0,0,460,138,65,19,65,122,0.239,3.82,0,6,10,0,655,0,76,3,0,17,23
 8-16-2016,1,3,2.5,11,10,0,0,0,168,43,22,12,18,40,0.214,3.54,0,2,0,0,221,1,25,0,2,5,8
 8-17-2016,1,3,5
 8-18-2016,1,3,1.3333333333333333,33,33,0,0,0,597,218,91,28,46,147,0.282,4.12,3,4,5,0,836,0,95,6,7,25,8
 8-19-2016,1,3,3.5,31,31,0,0,0,599,179,68,22,36,165,0.236,3.07,0,7,3,0,805,0,75,4,3,10,6
 8-20-2016,1,2,1.0,17,9,0,0,0,211,64,34,16,14,46,0.241,4.35,0,2,3,0,285,5,36,1,1,3,2
 8-21-2016,1,2,0.5,12,8,0,0,1,137,49,24,12,15,52,0.272,4.73,0,1,1,0,198,4,26,1,1,3,5
 8-23-2016,0,2,0.6666666666666666,30,29,0,0,0,509,169,84,28,63,126,0.258,4.46,0,5,6,1,728,1,97,1,3,21,10
 8-24-2016,0,2,1.0,29,29,0,0,0,528,132,68,23,65,165,0.203,3.48,1,5,4,0,723,0,73,0,3,6,26
 8-25-2016,0,2,5.0,32,32,0,0,0,585,168,69,22,60,163,0.231,3.18,0,3,6,2,796,0,72,2,2,21,19
 8-26-2016,0,2,1.7777777777777777,34,34,2,0,0,683,171,77,30,57,254,0.207,3.04,1,6,8,0,903,0,81,4,7,8,2
 8-27-2016,0,2,1.5714285714285714,26,26,1,1,0,477,136,54,16,42,132,0.231,3.06,1,1,9,1,647,0,57,4,2,17,6
 8-28-2016,0,2,0.5384615384615384,35,26,0,0,0,460,171,100,30,53,135,0.285,5.87,1,7,5,2,668,3,108,4,6,13,5
 8-29-2016,1,2,1.75,34,31,0,0,0,574,154,80,31,73,162,0.22,3.76,4,3,11,1,792,0,80,6,3,10,28
 8-30-2016,1,2,1.0,13,13,0,0,0,209,64,31,13,20,47,0.251,4,1,0,5,0,287,0,32,6,1,8,17
 9- 2-2016,0,3,2.5,11,10,0,0,0,168,43,22,12,18,40,0.214,3.54,0,2,0,0,221,1,25,0,2,5,22
 9- 3-2016,0,3,0.7272727272727273,25,25,1,1,0,403,129,63,27,37,119,0.247,4.22,2,4,8,1,573,0,75,3,3,8,27
 9- 4-2016,0,2,1.3333333333333333,33,33,0,0,0,597,218,91,28,46,147,0.282,4.12,3,4,5,0,836,0,95,6,7,25,11
 9- 5-2016,0,2,20
 9- 6-2016,0,2,0.5,24,6,0,0,2,210,72,33,9,6,27,0.265,4.24,0,2,1,1,281,7,35,0,2,6,9
 9- 9-2016,1,3,1.4,17,17,0,0,0,301,81,38,12,31,132,0.214,3.41,1,6,3,0,416,0,43,0,4,3,3
 9-10-2016,1,3,3.0,32,32,0,0,0,602,185,74,24,77,200,0.243,3.32,1,4,8,1,848,0,83,1,2,19,15
 9-11-2016,1,3,1.2,19,19,1,0,0,349,103,48,19,28,73,0.236,3.71,0,1,3,0,472,0,53,1,3,9,2
 9-12-2016,1,3,2.5,11,10,0,0,0,168,43,22,12,18,40,0.214,3.54,0,2,0,0,221,1,25,0,2,5,3
 9-13-2016,1,3,0.7272727272727273,25,25,1,1,0,403,129,63,27,37,119,0.247,4.22,2,4,8,1,573,0,75,3,3,8,0
 9-14-2016,1,3,1.3333333333333333,33,33,0,0,0,597,218,91,28,46,147,0.282,4.12,3,4,5,0,836,0,95,6,7,25,2
 9-15-2016,1,3,5.0,32,32,0,0,0,585,168,69,22,60,163,0.231,3.18,0,3,6,2,796,0,72,2,2,21,4
 9-16-2016,1,2,0.6666666666666666,30,29,0,0,0,509,169,84,28,63,126,0.258,4.46,0,5,6,1,728,1,97,1,3,21,6
 9-17-2016,1,3,1.0,10,8,0,0,0,148,42,16,7,16,52,0.222,2.92,0,1,2,0,208,0,22,0,1,6,15
 9-18-2016,1,3,0.9,32,32,0,0,0,612,209,99,21,54,166,0.264,4.37,0,9,4,1,855,0,104,2,2,22,13
 9-19-2016,0,2,0.9090909090909091,33,33,0,0,0,596,205,97,18,76,103,0.27,4.39,0,3,4,2,855,0,110,9,8,36,10
 9-20-2016,0,2,1.75,23,23,0,0,0,357,116,67,28,46,107,0.256,5.07,1,0,7,1,509,0,68,0,3,10,11
 9-21-2016,0,2,0.7777777777777778,22,20,0,0,0,322,116,59,15,35,67,0.276,4.95,2,2,2,0,461,0,62,1,2,8,20
 9-22-2016,0,2,1.375,31,30,0,0,0,506,187,84,26,42,134,0.28,4.48,0,17,7,0,724,0,89,3,5,6,4
 9-23-2016,0,3,0.9230769230769231,32,32,0,0,0,541,195,93,24,62,115,0.276,4.64,1,10,7,0,779,0,98,0,3,20,16
 9-24-2016,0,3,0.0,10,5,0,0,0,95,21,13,6,14,28,0.186,3.69,0,2,0,0,127,3,15,0,0,3,22
 9-25-2016,0,2,1.0,11,10,0,0,0,186,59,28,9,16,55,0.25,4.06,0,0,3,0,256,1,28,0,1,4,0
 9-26-2016,1,3,0.7777777777777778,25,24,0,0,0,434,135,62,20,37,124,0.248,3.86,1,3,4,0,594,0,65,4,4,13,21
 9-27-2016,1,3,0.2222222222222222,14,14,0,0,0,216,83,52,9,33,71,0.284,6.5,0,5,4,0,332,0,54,2,1,3,9
 9-28-2016,1,2,0.45454545454545453,22,22,0,0,0,351,133,74,18,42,94,0.286,5.69,0,15,2,0,517,0,80,0,7,9,7
 9-30-2016,1,2,0.0,10,5,0,0,0,95,21,13,6,14,28,0.186,3.69,0,2,0,0,127,3,15,0,0,3,12
10- 1-2016,1,3,1.3,33,33,1,0,0,554,206,89,25,54,177,0.282,4.34,1,9,5,0,796,0,92,1,5,15,2
10- 2-2016,1,3,0.0,5,1,0,0,0,25,15,14,0,7,3,0.385,15.12,0,0,1,0,48,2,14,0,1,0,14
 4- 3-2017,0,3,1.5,19,19,0,0,0,316,114,49,12,32,70,0.28,4.19,1,5,4,0,444,0,50,0,1,15,21
 4- 4-2017,0,3,1.2,29,29,0,0,0,476,167,77,18,55,140,0.268,4.37,1,8,10,0,692,0,88,1,2,14,10
 4- 5-2017,0,3,0.9,24,24,0,0,0,387,133,80,28,53,105,0.267,5.58,1,9,4,2,566,0,91,4,5,10,10
 4- 6-2017,0,3,0.8333333333333334,12,12,0,0,0,196,68,31,9,19,50,0.266,4.27,0,5,4,0,283,0,42,1,3,5,2
 4- 7-2017,1,3,0.5,28,22,0,0,1,392,138,83,24,60,94,0.271,5.72,3,7,2,0,578,4,84,4,3,12,7
 4- 8-2017,1,3,1.2,16,16,0,0,0,260,86,42,17,26,78,0.258,4.36,0,8,6,0,368,0,46,1,1,10,16
 4- 9-2017,1,3,0.0,6,6,0,0,0,93,27,15,7,12,16,0.237,4.35,0,1,2,0,128,0,16,0,0,5,6
 4-11-2017,1,3,1.8333333333333333,24,24,1,0,0,444,125,69,18,53,105,0.228,4.2,1,6,11,0,614,0,74,0,2,15,16
 4-12-2017,1,3,1.0,18,15,1,1,0,232,76,51,20,28,61,0.253,5.94,0,2,6,0,338,2,52,0,4,4,14
 4-13-2017,1,3,0.6666666666666666,22,22,0,0,0,411,115,61,20,45,148,0.225,4.01,0,9,5,1,564,0,63,1,3,11,13
 4-14-2017,0,3,0.9,24,24,0,0,0,439,143,62,13,41,130,0.257,3.81,0,2,4,2,609,0,67,6,2,15,5
 4-15-2017,0,3,1.0,9,8,0,0,0,136,41,21,9,13,51,0.237,4.17,1,2,2,0,188,0,21,0,0,2,12
 4-16-2017,0,3,0.38461538461538464,30,30,0,0,0,462,143,92,34,61,131,0.246,5.38,2,4,5,1,655,0,99,1,6,11,0
 4-17-2017,0,3,2.0,25,25,0,0,0,440,125,59,14,50,163,0.228,3.62,1,4,13,0,617,0,65,2,2,16,13
 4-18-2017,0,3,0.875,38,15,0,0,2,328,117,58,18,28,98,0.277,4.77,1,4,4,0,462,5,59,5,2,11,11
 4-19-2017,0,2,2.8,23,23,1,0,0,437,116,47,15,47,125,0.218,2.9,0,1,2,0,584,0,50,1,0,23,6
 4-20-2017,0,3,1.75,22,22,0,0,0,356,114,56,8,40,132,0.249,4.25,1,8,11,1,512,0,61,2,2,13,14
 4-21-2017,1,3,0.0,3,3,0,0,0,45,19,11,5,8,10,0.311,6.6,1,1,1,0,70,0,11,0,0,1,21
 4-22-2017,1,3,0.0,4,2,0,0,0,40,21,13,2,11,7,0.356,8.78,3,0,0,0,72,2,14,1,1,0,14
 4-23-2017,1,2,1.4444444444444444,33,33,2,0,0,603,201,69,21,62,164,0.264,3.09,1,3,6,1,834,0,82,0,4,34,11
 4-24-2017,1,3,1.2,18,18,0,0,0,248,91,54,11,43,74,0.28,5.88,1,4,2,1,375,0,57,2,3,9,10
 4-25-2017,1,3,0.5,14,13,0,0,0,209,78,41,4,27,55,0.283,5.3,0,2,3,0,316,1,46,3,6,8,16
 4-26-2017,1,3,1.2,29,29,0,0,0,476,167,77,18,55,140,0.268,4.37,1,8,10,0,692,0,88,1,2,14,10
 4-27-2017,1,3,1.5,19,19,0,0,0,316,114,49,12,32,70,0.28,4.19,1,5,4,0,444,0,50,0,1,15,7
 4-28-2017,0,3,0.375,23,18,0,0,0,334,124,70,26,28,67,0.279,5.66,0,3,2,0,478,2,74,2,1,8,26
 4-29-2017,0,3,0.6666666666666666,22,22,0,0,0,411,115,61,20,45,148,0.225,4.01,0,9,5,1,564,0,63,1,3,11,14
 4-30-2017,0,3,1.0833333333333333,32,32,0,0,0,555,221,99,23,63,115,0.301,4.82,3,4,6,0,811,0,108,4,3,32,7
 5- 2-2017,0,3,2.4,24,24,0,0,0,408,113,45,9,37,156,0.223,2.98,1,15,3,1,552,0,47,1,5,7,15
 5- 3-2017,0,3,0.0,6,6,0,0,0,93,27,15,7,12,16,0.237,4.35,0,1,2,0,128,0,16,0,0,5,18
 5- 5-2017,1,3,2.8,23,23,1,0,0,437,116,47,15,47,125,0.218,2.9,0,1,2,0,584,0,50,1,0,23,7
 5-11-2017,1,3,0.8333333333333334,25,25,1,0,0,494,150,70,13,40,114,0.243,3.83,2,3,8,1,676,0,80,3,8,20,0
 5-12-2017,1,2,0.6153846153846154,29,29,0,0,0,480,204,108,29,44,103,0.313,6.08,2,3,7,0,713,0,111,3,8,19,16
 5-13-2017,1,2,0.625,22,18,0,0,0,305,120,60,12,44,86,0.295,5.31,3,1,3,0,460,1,64,2,3,8,21
 5-14-2017,1,3,1.25,28,28,0,0,0,516,153,73,23,67,176,0.234,3.82,4,5,3,0,729,0,76,1,4,8,30
 5-15-2017,1,2,0.25,34,21,0,0,0,360,127,79,25,62,79,0.27,5.93,4,1,10,0,546,4,87,0,3,16,16
 5-16-2017,1,2,0.5,29,26,0,0,0,405,156,93,31,75,104,0.29,6.2,2,7,8,0,626,0,106,1,3,18,13
 5-17-2017,1,2,0.7,22,22,0,0,0,401,145,64,16,47,85,0.273,4.31,2,1,4,0,588,0,72,2,4,10,20
 5-19-2017,0,3,8
 5-20-2017,0,3,8
 5-21-2017,0,3,34
 5-22-2017,0,2,1.25,28,28,0,0,0,430,117,66,30,61,127,0.22,4.14,1,1,2,0,604,0,80,2,7,6,4
 5-23-2017,0,2,1.2,29,29,0,0,0,538,175,73,22,44,128,0.254,3.66,2,8,6,1,742,0,78,2,1,16,18
 5-24-2017,0,2,1.3333333333333333,26,8,0,0,1,208,66,37,10,16,55,0.252,4.8,1,1,1,0,282,4,39,1,2,9,12
 5-25-2017,0,2,1.0,18,17,0,0,1,258,90,43,16,28,76,0.264,4.5,1,3,4,2,374,1,48,0,1,6,5
 5-26-2017,0,3,1.1111111111111112,33,33,0,0,0,545,176,86,31,60,170,0.256,4.26,4,2,5,0,769,0,90,10,7,9,6
 5-27-2017,0,3,0.3333333333333333,24,12,0,0,1,215,99,55,9,30,50,0.339,6.91,5,1,6,0,333,8,56,2,3,15,19
 5-28-2017,0,3,2.0,34,28,0,0,0,509,152,72,26,64,113,0.238,3.82,4,5,14,1,724,2,77,5,3,18,7
 7-14-2017,1,3,1.25,16,14,0,0,0,260,71,33,11,31,84,0.225,3.43,0,6,5,0,357,1,35,1,4,7,8
 7-15-2017,1,3,1.2,29,29,0,0,0,538,175,73,22,44,128,0.254,3.66,2,8,6,1,742,0,78,2,1,16,8
 7-16-2017,1,3,0.8333333333333334,34,34,0,0,0,603,193,91,27,60,249,0.246,4.07,0,15,5,0,852,0,101,1,2,17,3
 7-18-2017,1,3,0.8333333333333334,13,13,0,0,0,213,75,40,18,25,58,0.269,5.07,2,3,0,0,310,0,46,3,3,2,16
 7-19-2017,1,2,1.6666666666666667,32,32,0,0,0,603,158,66,21,79,188,0.216,2.96,5,7,7,0,827,0,69,7,3,16,20
 7-21-2017,1,2,2.125,32,32,1,0,0,643,165,69,24,43,308,0.208,2.9,0,3,8,0,851,0,73,2,4,11,4
 7-22-2017,1,2,2.0,16,11,0,0,0,224,65,28,8,24,76,0.226,3.38,0,2,4,0,317,1,30,0,2,2,14
 7-23-2017,1,2,0.6470588235294118,33,33,2,0,0,610,236,105,38,48,181,0.286,4.65,1,5,6,0,885,0,125,1,6,18,14
 7-25-2017,0,2,2.0,27,21,0,0,0,365,92,42,13,60,137,0.211,3.11,2,3,3,0,502,1,46,1,0,8,11
 7-26-2017,0,2,3.0,32,32,1,0,0,600,173,73,21,46,226,0.235,3.29,2,10,10,0,798,0,73,1,6,19,9
 7-27-2017,0,2,1.8888888888888888,32,31,0,0,0,529,181,82,25,60,196,0.266,4.19,0,3,5,1,749,1,84,1,3,16,0
 7-28-2017,0,2,0.9090909090909091,25,25,0,0,0,436,145,57,18,46,142,0.252,3.53,1,4,0,0,626,0,64,1,4,5,9
 7-29-2017,0,2,1.2,18,18,0,0,0,248,91,54,11,43,74,0.28,5.88,1,4,2,1,375,0,57,2,3,9,10
 7-30-2017,0,2,1.0,7,3,0,0,0,64,27,16,3,7,16,0.307,6.75,1,1,1,1,96,3,19,0,0,3,14
 8- 1-2017,1,2,1.0909090909090908,27,27,0,0,0,504,154,66,18,49,184,0.241,3.54,2,1,2,0,693,0,67,2,0,14,12
 8- 2-2017,1,2,1.5,11,8,0,0,0,139,50,20,9,22,35,0.276,3.88,0,1,5,0,210,1,27,0,2,8,18
 8- 3-2017,1,2,0.5,24,24,0,0,0,384,142,67,16,53,118,0.281,4.71,4,6,5,1,576,0,74,3,9,6,21
 8- 4-2017,1,2,0.9,24,24,0,0,0,387,133,80,28,53,105,0.267,5.58,1,9,4,2,566,0,91,4,5,10,15
 8- 5-2017,1,2,3.0,10,10,0,0,0,176,58,21,5,16,22,0.262,3.22,0,1,1,0,238,0,22,0,0,9,3
 8- 6-2017,1,2,1.2,29,29,0,0,0,476,167,77,18,55,140,0.268,4.37,1,8,10,0,692,0,88,1,2,14,25
 8- 7-2017,1,2,1.4444444444444444,28,28,1,1,0,509,152,80,26,51,152,0.24,4.24,0,0,7,0,698,0,82,0,7,18,21
 8- 8-2017,1,2,0.3333333333333333,10,10,0,0,0,155,49,40,13,17,31,0.243,6.97,0,1,2,0,223,0,43,0,2,3,4
 8- 9-2017,1,2,0.9166666666666666,34,34,0,0,0,560,208,97,29,71,179,0.283,4.68,0,8,5,1,816,0,99,1,3,21,8
 8-10-2017,0,2,2.4,24,24,0,0,0,408,113,45,9,37,156,0.223,2.98,1,15,3,1,552,0,47,1,5,7,14
 8-11-2017,0,2,1.0,10,7,0,0,0,110,53,22,5,11,30,0.34,5.4,0,2,1,0,169,1,22,0,1,3,10
 8-12-2017,0,2,0.3333333333333333,11,11,0,0,0,186,57,27,12,15,54,0.243,3.92,1,0,1,0,257,0,31,1,5,3,7
 8-13-2017,0,2,1.1428571428571428,31,29,1,0,0,480,140,91,37,63,137,0.233,5.12,1,8,5,0,678,1,93,2,8,9,6
 8-15-2017,0,2,1.6666666666666667,32,32,0,0,0,603,158,66,21,79,188,0.216,2.96,5,7,7,0,827,0,69,7,3,16,5
 8-16-2017,0,3,1.1818181818181819,32,30,0,0,0,544,178,94,23,64,166,0.254,4.67,5,3,6,1,776,0,105,3,2,16,5
 8-18-2017,0,2,0.3333333333333333,10,10,0,0,0,155,49,40,13,17,31,0.243,6.97,0,1,2,0,223,0,43,0,2,3,18
 8-19-2017,0,2,0.9166666666666666,34,34,0,0,0,560,208,97,29,71,179,0.283,4.68,0,8,5,1,816,0,99,1,3,21,28
 8-20-2017,0,2,0.14285714285714285,24,19,0,0,0,279,125,81,24,51,63,0.324,7.84,0,11,4,0,444,1,86,1,2,10,0
 8-21-2017,1,2,1.8333333333333333,24,24,1,0,0,444,125,69,18,53,105,0.228,4.2,1,6,11,0,614,0,74,0,2,15,14
 8-22-2017,1,2,1.0,12,10,0,0,0,147,53,42,7,37,36,0.275,7.71,0,4,6,0,238,0,46,0,1,6,14
 8-23-2017,1,2,1.0,28,28,0,0,0,500,156,63,15,64,86,0.25,3.4,0,10,9,1,704,0,75,2,5,23,4
 8-24-2017,1,2,1.0833333333333333,32,32,0,0,0,555,221,99,23,63,115,0.301,4.82,3,4,6,0,811,0,108,4,3,32,2
 8-25-2017,1,2,2.5,12,12,0,0,0,190,62,25,7,20,62,0.253,3.55,0,4,5,0,271,0,27,0,0,7,11
 8-26-2017,1,2,6.5,34,21,0,0,0,396,100,44,10,57,161,0.206,3,0,6,3,1,546,7,46,1,0,4,4
 8-27-2017,1,2,2.0,25,25,0,0,0,440,125,59,14,50,163,0.228,3.62,1,4,13,0,617,0,65,2,2,16,4
 8-30-2017,1,2,1.5,19,19,0,0,0,316,114,49,12,32,70,0.28,4.19,1,5,4,0,444,0,50,0,1,15,36
 9- 1-2017,0,2,1.8333333333333333,24,24,1,0,0,444,125,69,18,53,105,0.228,4.2,1,6,11,0,614,0,74,0,2,15,19
 9- 2-2017,0,2,1.0,18,15,1,1,0,232,76,51,20,28,61,0.253,5.94,0,2,6,0,338,2,52,0,4,4,18
 9- 3-2017,0,2,1.0833333333333333,32,32,0,0,0,555,221,99,23,63,115,0.301,4.82,3,4,6,0,811,0,108,4,3,32,19
 9- 4-2017,0,2,11
 9- 5-2017,0,2,1.5,19,19,0,0,0,316,114,49,12,32,70,0.28,4.19,1,5,4,0,444,0,50,0,1,15,14
 9- 6-2017,0,2,1.2,29,29,0,0,0,476,167,77,18,55,140,0.268,4.37,1,8,10,0,692,0,88,1,2,14,4
 9- 8-2017,0,2,3.0,5,5,0,0,0,96,32,9,1,2,27,0.258,2.53,0,1,2,0,128,0,10,0,0,3,7
 9- 9-2017,0,2,5.0,9,6,0,0,1,123,43,16,6,10,37,0.262,3.51,0,1,2,0,178,2,22,0,1,3,0
 9-10-2017,0,2,0.3333333333333333,11,11,0,0,0,186,57,27,12,15,54,0.243,3.92,1,0,1,0,257,0,31,1,5,3,18
 9-12-2017,1,2,0,5,5,0,0,0,102,17,4,4,5,43,0.149,1.06,0,0,1,0,120,0,4,0,0,4,4
 9-13-2017,1,2,0.8,29,28,0,0,0,460,157,89,32,62,146,0.266,5.22,0,11,13,1,671,0,95,3,1,16,12
 9-14-2017,1,2,6.5,34,21,0,0,0,396,100,44,10,57,161,0.206,3,0,6,3,1,546,7,46,1,0,4,0
 9-15-2017,1,2,0.375,23,18,0,0,0,334,124,70,26,28,67,0.279,5.66,0,3,2,0,478,2,74,2,1,8,10
 9-16-2017,1,1,1.8333333333333333,24,24,1,0,0,444,125,69,18,53,105,0.228,4.2,1,6,11,0,614,0,74,0,2,15,2
 9-17-2017,1,1,0.3333333333333333,5,5,0,0,0,67,22,16,6,8,15,0.259,6.45,0,0,2,0,96,0,16,0,1,0,18
 9-19-2017,1,2,2.0,27,21,0,0,0,365,92,42,13,60,137,0.211,3.11,2,3,3,0,502,1,46,1,0,8,0
 9-20-2017,1,2,1.1111111111111112,26,26,1,0,0,423,166,78,23,14,109,0.294,4.98,0,1,4,0,585,0,80,0,3,18,7
 9-21-2017,1,2,0.8333333333333334,23,19,0,0,0,309,94,49,14,44,145,0.242,4.28,0,6,3,0,439,3,51,1,3,10,12
 9-22-2017,0,2,0,5,5,0,0,0,102,17,4,4,5,43,0.149,1.06,0,0,1,0,120,0,4,0,0,4,0
 9-23-2017,0,2,2.0,25,25,0,0,0,440,125,59,14,50,163,0.228,3.62,1,4,13,0,617,0,65,2,2,16,0
 9-24-2017,0,2,1.75,22,22,0,0,0,356,114,56,8,40,132,0.249,4.25,1,8,11,1,512,0,61,2,2,13,12
 9-25-2017,0,2,0.7142857142857143,21,21,0,0,0,351,116,68,27,53,103,0.253,5.23,3,5,3,0,516,0,72,1,0,6,21
 9-26-2017,0,2,0.5,6,2,0,0,0,58,16,10,4,5,10,0.232,4.66,0,0,1,0,76,2,11,0,1,2,24
 9-27-2017,0,2,1.0,8,8,0,0,0,143,49,25,7,14,30,0.258,4.72,0,3,1,0,207,0,29,0,2,1,2
 9-29-2017,1,2,1.0,10,7,0,0,0,110,53,22,5,11,30,0.34,5.4,0,2,1,0,169,1,22,0,1,3,30
 9-30-2017,1,2,5.0,9,6,0,0,1,123,43,16,6,10,37,0.262,3.51,0,1,2,0,178,2,22,0,1,3,0
10- 1-2017,1,2,2.4,24,24,0,0,0,408,113,45,9,37,156,0.223,2.98,1,15,3,1,552,0,47,1,5,7,3
